TIME	TEMP
2015-1-12T22:36:53Z	22.437
2015-1-12T22:37:4Z	22.437
2015-1-12T22:37:15Z	22.437
2015-1-12T22:38:25Z	22.375
2015-1-12T22:38:36Z	22.375
2015-1-12T22:41:23Z	22.125
2015-1-12T22:41:34Z	22.125
2015-1-12T22:41:45Z	22.062
2015-1-12T22:41:56Z	22.062
2015-1-12T22:42:7Z	22.062
2015-1-12T22:48:27Z	21.875
2015-1-12T22:48:30Z	21.937
2015-1-12T22:48:41Z	22.750
2015-1-12T22:48:52Z	22.500
2015-1-12T22:49:3Z	21.000
2015-1-12T22:49:14Z	19.562
2015-1-12T22:49:25Z	18.250
2015-1-12T22:49:36Z	16.875
2015-1-12T22:49:47Z	15.562
2015-1-12T22:49:58Z	14.437
2015-1-12T22:50:9Z	13.562
2015-1-12T22:50:20Z	12.750
2015-1-12T22:50:31Z	11.937
2015-1-12T22:50:43Z	11.187
2015-1-12T22:50:54Z	10.500
2015-1-12T22:51:5Z	9.937
2015-1-12T22:51:16Z	9.375
2015-1-12T22:51:27Z	8.937
2015-1-12T22:51:38Z	8.437
2015-1-12T22:51:49Z	8.062
2015-1-12T22:52:0Z	7.688
2015-1-12T22:52:11Z	7.375
2015-1-12T22:52:22Z	7.063
2015-1-12T22:52:33Z	6.813
2015-1-12T22:52:44Z	6.563
2015-1-12T22:52:55Z	6.375
2015-1-12T22:53:7Z	6.125
2015-1-12T22:53:18Z	6.000
2015-1-12T22:53:29Z	5.813
2015-1-12T22:53:40Z	5.688
2015-1-12T22:53:51Z	5.563
2015-1-12T22:54:2Z	5.438
2015-1-12T22:54:13Z	5.313
2015-1-12T22:54:24Z	5.188
2015-1-12T22:54:35Z	5.063
2015-1-12T22:54:46Z	5.000
2015-1-12T22:54:57Z	4.875
2015-1-12T22:55:8Z	4.813
2015-1-12T22:55:19Z	4.750
2015-1-12T22:55:31Z	4.688
2015-1-12T22:55:42Z	4.688
2015-1-12T22:55:53Z	4.625
2015-1-12T22:56:4Z	4.625
2015-1-12T22:56:15Z	4.500
2015-1-12T22:56:26Z	4.500
2015-1-12T22:56:37Z	4.500
2015-1-12T22:56:48Z	4.438
2015-1-12T22:56:59Z	4.375
2015-1-12T22:57:10Z	4.375
2015-1-12T22:57:21Z	4.375
2015-1-12T22:57:32Z	4.375
2015-1-12T22:57:43Z	4.375
2015-1-12T22:57:55Z	4.313
2015-1-12T22:58:6Z	4.313
2015-1-12T22:58:17Z	4.250
2015-1-12T22:58:28Z	4.250
2015-1-12T22:58:39Z	4.250
2015-1-12T22:58:50Z	4.313
2015-1-12T22:59:1Z	4.313
2015-1-12T22:59:12Z	4.313
2015-1-12T22:59:24Z	4.313
2015-1-12T22:59:35Z	4.313
2015-1-12T22:59:46Z	4.313
2015-1-12T22:59:57Z	4.313
2015-1-12T23:0:8Z	4.313
2015-1-12T23:0:19Z	4.313
2015-1-12T23:0:30Z	4.313
2015-1-12T23:0:41Z	4.250
2015-1-12T23:0:52Z	4.250
2015-1-12T23:1:3Z	4.250
2015-1-12T23:1:15Z	4.250
2015-1-12T23:1:26Z	4.250
2015-1-12T23:1:37Z	4.188
2015-1-12T23:1:48Z	4.250
2015-1-12T23:1:59Z	4.250
2015-1-12T23:2:10Z	4.250
2015-1-12T23:2:21Z	4.250
2015-1-12T23:2:32Z	4.188
2015-1-12T23:2:43Z	4.188
2015-1-12T23:2:54Z	4.250
2015-1-12T23:3:5Z	4.250
2015-1-12T23:3:16Z	4.250
2015-1-12T23:3:27Z	4.250
2015-1-12T23:3:38Z	4.250
2015-1-12T23:3:50Z	4.250
2015-1-12T23:4:1Z	4.250
2015-1-12T23:4:12Z	4.188
2015-1-12T23:4:23Z	4.250
2015-1-12T23:4:34Z	4.250
2015-1-12T23:4:45Z	4.250
2015-1-12T23:4:56Z	4.188
2015-1-12T23:5:7Z	4.188
2015-1-12T23:5:18Z	4.188
2015-1-12T23:5:29Z	4.188
2015-1-12T23:5:40Z	4.188
2015-1-12T23:5:51Z	4.188
2015-1-12T23:6:2Z	4.250
2015-1-12T23:6:13Z	4.250
2015-1-12T23:6:25Z	4.188
2015-1-12T23:6:36Z	4.188
2015-1-12T23:6:47Z	4.188
2015-1-12T23:6:58Z	4.125
2015-1-12T23:7:9Z	4.125
2015-1-12T23:7:20Z	4.125
2015-1-12T23:7:31Z	4.188
2015-1-12T23:7:42Z	4.188
2015-1-12T23:7:53Z	4.188
2015-1-12T23:8:4Z	4.125
2015-1-12T23:8:15Z	4.125
2015-1-12T23:8:26Z	4.125
2015-1-12T23:8:37Z	4.125
2015-1-12T23:8:48Z	4.125
2015-1-12T23:9:0Z	4.125
2015-1-12T23:9:11Z	4.125
2015-1-12T23:9:22Z	4.125
2015-1-12T23:9:33Z	4.125
2015-1-12T23:9:44Z	4.188
2015-1-12T23:9:55Z	4.125
2015-1-12T23:10:6Z	4.125
2015-1-12T23:10:17Z	4.125
2015-1-12T23:10:28Z	4.188
2015-1-12T23:10:39Z	4.125
2015-1-12T23:10:50Z	4.125
2015-1-12T23:11:2Z	4.188
2015-1-12T23:11:13Z	4.188
2015-1-12T23:11:24Z	4.125
2015-1-12T23:11:35Z	4.188
2015-1-12T23:11:46Z	4.125
2015-1-12T23:11:57Z	4.125
2015-1-12T23:12:8Z	4.125
2015-1-12T23:12:19Z	4.188
2015-1-12T23:12:30Z	4.188
2015-1-12T23:12:41Z	4.250
2015-1-12T23:12:52Z	4.250
2015-1-12T23:13:3Z	4.188
2015-1-12T23:13:14Z	4.188
2015-1-12T23:13:25Z	4.250
2015-1-12T23:13:37Z	4.250
2015-1-12T23:13:48Z	4.250
2015-1-12T23:13:59Z	4.250
2015-1-12T23:14:10Z	4.250
2015-1-12T23:14:21Z	4.188
2015-1-12T23:14:32Z	4.250
2015-1-12T23:14:43Z	4.188
2015-1-12T23:14:54Z	4.188
2015-1-12T23:15:5Z	4.250
2015-1-12T23:15:16Z	4.250
2015-1-12T23:15:27Z	4.250
2015-1-12T23:15:38Z	4.250
2015-1-12T23:15:50Z	4.250
2015-1-12T23:16:1Z	4.313
2015-1-12T23:16:12Z	4.250
2015-1-12T23:16:23Z	4.250
2015-1-12T23:16:34Z	4.250
2015-1-12T23:16:45Z	4.250
2015-1-12T23:16:56Z	4.250
2015-1-12T23:17:7Z	4.250
2015-1-12T23:17:18Z	4.250
2015-1-12T23:17:29Z	4.250
2015-1-12T23:17:40Z	4.250
2015-1-12T23:17:51Z	4.313
2015-1-12T23:18:2Z	4.313
2015-1-12T23:18:13Z	4.250
2015-1-12T23:18:25Z	4.313
2015-1-12T23:18:36Z	4.313
2015-1-12T23:18:47Z	4.313
2015-1-12T23:18:58Z	4.375
2015-1-12T23:19:9Z	4.375
2015-1-12T23:19:20Z	4.375
2015-1-12T23:19:31Z	4.375
2015-1-12T23:19:42Z	4.375
2015-1-12T23:19:53Z	4.375
2015-1-12T23:20:4Z	4.375
2015-1-12T23:20:15Z	4.313
2015-1-12T23:20:26Z	4.375
2015-1-12T23:20:37Z	4.313
2015-1-12T23:20:48Z	4.313
2015-1-12T23:21:0Z	4.313
2015-1-12T23:21:11Z	4.313
2015-1-12T23:21:22Z	4.313
2015-1-12T23:21:33Z	4.250
2015-1-12T23:21:44Z	4.250
2015-1-12T23:21:55Z	4.250
2015-1-12T23:22:6Z	4.250
2015-1-12T23:22:17Z	4.250
2015-1-12T23:22:28Z	4.188
2015-1-12T23:22:39Z	4.250
2015-1-12T23:22:50Z	4.250
2015-1-12T23:23:1Z	4.188
2015-1-12T23:23:12Z	4.188
2015-1-12T23:23:23Z	4.188
2015-1-12T23:23:35Z	4.125
2015-1-12T23:23:46Z	4.188
2015-1-12T23:23:57Z	4.125
2015-1-12T23:24:8Z	4.188
2015-1-12T23:24:19Z	4.188
2015-1-12T23:24:30Z	4.188
2015-1-12T23:24:41Z	4.188
2015-1-12T23:24:52Z	4.125
2015-1-12T23:25:3Z	4.125
2015-1-12T23:25:14Z	4.125
2015-1-12T23:25:25Z	4.125
2015-1-12T23:25:36Z	4.125
2015-1-12T23:25:47Z	4.125
2015-1-12T23:25:58Z	4.125
2015-1-12T23:26:10Z	4.125
2015-1-12T23:26:21Z	4.188
2015-1-12T23:26:32Z	4.188
2015-1-12T23:26:43Z	4.188
2015-1-12T23:26:54Z	4.188
2015-1-12T23:27:5Z	4.188
2015-1-12T23:27:16Z	4.188
2015-1-12T23:27:27Z	4.188
2015-1-12T23:27:38Z	4.188
2015-1-12T23:27:49Z	4.188
2015-1-12T23:28:0Z	4.250
2015-1-12T23:28:11Z	4.250
2015-1-12T23:28:22Z	4.188
2015-1-12T23:28:33Z	4.188
2015-1-12T23:28:45Z	4.188
2015-1-12T23:28:56Z	4.188
2015-1-12T23:29:7Z	4.125
2015-1-12T23:29:18Z	4.125
2015-1-12T23:29:29Z	4.188
2015-1-12T23:29:40Z	4.125
2015-1-12T23:29:51Z	4.125
2015-1-12T23:30:2Z	4.125
2015-1-12T23:30:13Z	4.125
2015-1-12T23:30:24Z	4.063
2015-1-12T23:30:35Z	4.063
2015-1-12T23:30:46Z	4.125
2015-1-12T23:30:57Z	4.063
2015-1-12T23:31:8Z	4.125
2015-1-12T23:31:20Z	4.125
2015-1-12T23:31:31Z	4.125
2015-1-12T23:31:42Z	4.313
2015-1-12T23:31:53Z	4.500
2015-1-12T23:32:4Z	4.563
2015-1-12T23:32:15Z	4.563
2015-1-12T23:32:26Z	4.500
2015-1-12T23:32:37Z	4.563
2015-1-12T23:32:48Z	4.563
2015-1-12T23:32:59Z	4.563
2015-1-12T23:33:11Z	4.563
2015-1-12T23:33:22Z	4.563
2015-1-12T23:33:33Z	4.563
2015-1-12T23:33:44Z	4.500
2015-1-12T23:33:55Z	4.500
2015-1-12T23:34:6Z	4.500
2015-1-12T23:34:17Z	4.438
2015-1-12T23:34:28Z	4.375
2015-1-12T23:34:39Z	4.375
2015-1-12T23:34:50Z	4.375
2015-1-12T23:35:1Z	4.313
2015-1-12T23:35:12Z	4.313
2015-1-12T23:35:23Z	4.313
2015-1-12T23:35:34Z	4.313
2015-1-12T23:35:45Z	4.313
2015-1-12T23:35:57Z	4.313
2015-1-12T23:36:8Z	4.313
2015-1-12T23:36:19Z	4.313
2015-1-12T23:36:30Z	4.313
2015-1-12T23:36:41Z	4.313
2015-1-12T23:36:52Z	4.313
2015-1-12T23:37:3Z	4.313
2015-1-12T23:37:14Z	4.313
2015-1-12T23:37:25Z	4.313
2015-1-12T23:37:36Z	4.313
2015-1-12T23:37:47Z	4.250
2015-1-12T23:37:58Z	4.250
2015-1-12T23:38:9Z	4.250
2015-1-12T23:38:20Z	4.250
2015-1-12T23:38:32Z	4.250
2015-1-12T23:38:43Z	4.250
2015-1-12T23:38:54Z	4.188
2015-1-12T23:39:5Z	4.188
2015-1-12T23:39:16Z	4.125
2015-1-12T23:39:27Z	4.063
2015-1-12T23:39:38Z	4.063
2015-1-12T23:39:49Z	4.063
2015-1-12T23:40:0Z	4.063
2015-1-12T23:40:11Z	4.125
2015-1-12T23:40:22Z	4.125
2015-1-12T23:40:33Z	4.125
2015-1-12T23:40:44Z	4.188
2015-1-12T23:40:55Z	4.188
2015-1-12T23:41:6Z	4.125
2015-1-12T23:41:18Z	4.125
2015-1-12T23:41:29Z	4.125
2015-1-12T23:41:40Z	4.125
2015-1-12T23:41:51Z	4.063
2015-1-12T23:42:2Z	4.063
2015-1-12T23:42:13Z	4.063
2015-1-12T23:42:24Z	4.063
2015-1-12T23:42:35Z	4.063
2015-1-12T23:42:46Z	4.125
2015-1-12T23:42:57Z	4.125
2015-1-12T23:43:8Z	4.063
2015-1-12T23:43:19Z	4.125
2015-1-12T23:43:30Z	4.125
2015-1-12T23:43:41Z	4.125
2015-1-12T23:43:52Z	4.125
2015-1-12T23:44:4Z	4.125
2015-1-12T23:44:15Z	4.125
2015-1-12T23:44:26Z	4.063
2015-1-12T23:44:37Z	4.063
2015-1-12T23:44:48Z	4.063
2015-1-12T23:44:59Z	4.063
2015-1-12T23:45:10Z	4.063
2015-1-12T23:45:21Z	4.063
2015-1-12T23:45:32Z	4.125
2015-1-12T23:45:43Z	4.125
2015-1-12T23:45:54Z	4.125
2015-1-12T23:46:5Z	4.063
2015-1-12T23:46:16Z	4.063
2015-1-12T23:46:27Z	4.063
2015-1-12T23:46:38Z	4.000
2015-1-12T23:46:50Z	4.000
2015-1-12T23:47:1Z	4.000
2015-1-12T23:47:12Z	4.000
2015-1-12T23:47:23Z	4.000
2015-1-12T23:47:34Z	4.000
2015-1-12T23:47:45Z	3.937
2015-1-12T23:47:56Z	4.000
2015-1-12T23:48:7Z	4.000
2015-1-12T23:48:18Z	4.000
2015-1-12T23:48:29Z	3.937
2015-1-12T23:48:40Z	4.000
2015-1-12T23:48:51Z	4.000
2015-1-12T23:49:2Z	4.000
2015-1-12T23:49:13Z	4.000
2015-1-12T23:49:25Z	3.937
2015-1-12T23:49:36Z	3.937
2015-1-12T23:49:47Z	3.937
2015-1-12T23:49:58Z	3.937
2015-1-12T23:50:9Z	3.937
2015-1-12T23:50:20Z	3.937
2015-1-12T23:50:31Z	3.937
2015-1-12T23:50:42Z	3.875
2015-1-12T23:50:53Z	3.875
2015-1-12T23:51:4Z	3.875
2015-1-12T23:51:15Z	3.875
2015-1-12T23:51:26Z	3.875
2015-1-12T23:51:37Z	3.937
2015-1-12T23:51:48Z	3.937
2015-1-12T23:51:59Z	3.937
2015-1-12T23:52:11Z	3.937
2015-1-12T23:52:22Z	3.937
2015-1-12T23:52:33Z	3.937
2015-1-12T23:52:44Z	3.937
2015-1-12T23:52:55Z	3.937
2015-1-12T23:53:6Z	3.937
2015-1-12T23:53:17Z	3.937
2015-1-12T23:53:28Z	3.937
2015-1-12T23:53:39Z	3.937
2015-1-12T23:53:50Z	3.937
2015-1-12T23:54:1Z	3.937
2015-1-12T23:54:12Z	3.937
2015-1-12T23:54:23Z	4.000
2015-1-12T23:54:34Z	4.000
2015-1-12T23:54:45Z	4.000
2015-1-12T23:54:57Z	4.063
2015-1-12T23:55:8Z	4.063
2015-1-12T23:55:19Z	4.063
2015-1-12T23:55:30Z	4.000
2015-1-12T23:55:41Z	4.000
2015-1-12T23:55:52Z	3.937
2015-1-12T23:56:3Z	3.937
2015-1-12T23:56:14Z	3.937
2015-1-12T23:56:25Z	3.937
2015-1-12T23:56:36Z	4.000
2015-1-12T23:56:47Z	3.937
2015-1-12T23:56:58Z	3.937
2015-1-12T23:57:9Z	4.000
2015-1-12T23:57:20Z	4.000
2015-1-12T23:57:31Z	4.000
2015-1-12T23:57:43Z	3.937
2015-1-12T23:57:54Z	3.937
2015-1-12T23:58:5Z	4.000
2015-1-12T23:58:16Z	4.000
2015-1-12T23:58:27Z	4.063
2015-1-12T23:58:38Z	4.063
2015-1-12T23:58:49Z	4.063
2015-1-12T23:59:0Z	4.000
2015-1-12T23:59:11Z	4.063
2015-1-12T23:59:22Z	4.063
2015-1-12T23:59:33Z	4.063
2015-1-12T23:59:44Z	4.063
2015-1-12T23:59:55Z	4.063
2015-1-13T0:0:6Z	4.063
2015-1-13T0:0:17Z	4.063
2015-1-13T0:0:29Z	4.063
2015-1-13T0:0:40Z	4.063
2015-1-13T0:0:51Z	4.000
2015-1-13T0:1:2Z	4.000
2015-1-13T0:1:13Z	4.000
2015-1-13T0:1:24Z	4.000
2015-1-13T0:1:35Z	3.937
2015-1-13T0:1:46Z	4.000
2015-1-13T0:1:57Z	3.937
2015-1-13T0:2:8Z	3.875
2015-1-13T0:2:19Z	3.875
2015-1-13T0:2:30Z	3.937
2015-1-13T0:2:41Z	3.937
2015-1-13T0:2:52Z	3.937
2015-1-13T0:3:3Z	3.937
2015-1-13T0:3:15Z	3.875
2015-1-13T0:3:26Z	3.875
2015-1-13T0:3:37Z	3.812
2015-1-13T0:3:48Z	3.875
2015-1-13T0:3:59Z	3.937
2015-1-13T0:4:10Z	3.937
2015-1-13T0:4:21Z	3.875
2015-1-13T0:4:32Z	3.875
2015-1-13T0:4:43Z	3.875
2015-1-13T0:4:54Z	3.875
2015-1-13T0:5:5Z	3.937
2015-1-13T0:5:16Z	3.937
2015-1-13T0:5:27Z	3.937
2015-1-13T0:5:38Z	4.000
2015-1-13T0:5:49Z	3.937
2015-1-13T0:6:1Z	3.937
2015-1-13T0:6:12Z	3.937
2015-1-13T0:6:23Z	3.875
2015-1-13T0:6:34Z	3.937
2015-1-13T0:6:45Z	3.875
2015-1-13T0:6:56Z	3.812
2015-1-13T0:7:7Z	3.812
2015-1-13T0:7:18Z	3.875
2015-1-13T0:7:29Z	3.875
2015-1-13T0:7:40Z	3.875
2015-1-13T0:7:51Z	3.875
2015-1-13T0:8:2Z	3.812
2015-1-13T0:8:13Z	3.875
2015-1-13T0:8:24Z	3.875
2015-1-13T0:8:36Z	3.937
2015-1-13T0:8:47Z	3.937
2015-1-13T0:8:58Z	3.937
2015-1-13T0:9:9Z	3.937
2015-1-13T0:9:20Z	3.937
2015-1-13T0:9:31Z	3.875
2015-1-13T0:9:42Z	3.875
2015-1-13T0:9:53Z	3.875
2015-1-13T0:10:4Z	3.875
2015-1-13T0:10:15Z	3.937
2015-1-13T0:10:26Z	3.937
2015-1-13T0:10:37Z	3.875
2015-1-13T0:10:48Z	3.875
2015-1-13T0:10:59Z	3.875
2015-1-13T0:11:11Z	3.875
2015-1-13T0:11:22Z	3.812
2015-1-13T0:11:33Z	3.812
2015-1-13T0:11:44Z	3.812
2015-1-13T0:11:55Z	3.812
2015-1-13T0:12:6Z	3.812
2015-1-13T0:12:17Z	3.750
2015-1-13T0:12:28Z	3.750
2015-1-13T0:12:39Z	3.812
2015-1-13T0:12:50Z	3.875
2015-1-13T0:13:1Z	3.812
2015-1-13T0:13:12Z	3.812
2015-1-13T0:13:23Z	3.812
2015-1-13T0:13:34Z	3.812
2015-1-13T0:13:46Z	3.812
2015-1-13T0:13:57Z	3.812
2015-1-13T0:14:8Z	3.812
2015-1-13T0:14:19Z	3.812
2015-1-13T0:14:30Z	3.875
2015-1-13T0:14:41Z	3.875
2015-1-13T0:14:52Z	3.812
2015-1-13T0:15:3Z	3.812
2015-1-13T0:15:14Z	3.812
2015-1-13T0:15:25Z	3.812
2015-1-13T0:15:36Z	3.812
2015-1-13T0:15:47Z	3.812
2015-1-13T0:15:58Z	3.812
2015-1-13T0:16:9Z	3.812
2015-1-13T0:16:21Z	3.812
2015-1-13T0:16:32Z	3.812
2015-1-13T0:16:43Z	3.812
2015-1-13T0:16:54Z	3.812
2015-1-13T0:17:5Z	3.812
2015-1-13T0:17:16Z	3.812
2015-1-13T0:17:27Z	3.812
2015-1-13T0:17:38Z	3.875
2015-1-13T0:17:49Z	3.875
2015-1-13T0:18:0Z	3.875
2015-1-13T0:18:11Z	3.875
2015-1-13T0:18:22Z	3.875
2015-1-13T0:18:33Z	3.812
2015-1-13T0:18:44Z	3.812
2015-1-13T0:18:56Z	3.875
2015-1-13T0:19:7Z	3.875
2015-1-13T0:19:18Z	3.875
2015-1-13T0:19:29Z	3.875
2015-1-13T0:19:40Z	3.875
2015-1-13T0:19:51Z	3.875
2015-1-13T0:20:2Z	3.937
2015-1-13T0:20:13Z	3.937
2015-1-13T0:20:24Z	3.937
2015-1-13T0:20:35Z	3.937
2015-1-13T0:20:46Z	3.937
2015-1-13T0:20:57Z	3.937
2015-1-13T0:21:8Z	3.937
2015-1-13T0:21:19Z	3.937
2015-1-13T0:21:30Z	3.937
2015-1-13T0:21:42Z	3.937
2015-1-13T0:21:53Z	3.937
2015-1-13T0:22:4Z	3.937
2015-1-13T0:22:15Z	4.000
2015-1-13T0:22:26Z	4.000
2015-1-13T0:22:37Z	3.937
2015-1-13T0:22:48Z	3.937
2015-1-13T0:22:59Z	4.000
2015-1-13T0:23:10Z	3.937
2015-1-13T0:23:21Z	4.000
2015-1-13T0:23:32Z	4.000
2015-1-13T0:23:43Z	4.000
2015-1-13T0:23:54Z	4.000
2015-1-13T0:24:5Z	3.937
2015-1-13T0:24:17Z	4.000
2015-1-13T0:24:28Z	3.937
2015-1-13T0:24:39Z	3.937
2015-1-13T0:24:50Z	3.875
2015-1-13T0:25:1Z	3.937
2015-1-13T0:25:12Z	3.875
2015-1-13T0:25:23Z	3.875
2015-1-13T0:25:34Z	3.812
2015-1-13T0:25:45Z	3.812
2015-1-13T0:25:56Z	3.812
2015-1-13T0:26:7Z	3.812
2015-1-13T0:26:18Z	3.812
2015-1-13T0:26:29Z	3.812
2015-1-13T0:26:40Z	3.875
2015-1-13T0:26:52Z	3.875
2015-1-13T0:27:3Z	3.875
2015-1-13T0:27:14Z	3.937
2015-1-13T0:27:25Z	3.937
2015-1-13T0:27:36Z	4.000
2015-1-13T0:27:47Z	4.000
2015-1-13T0:27:58Z	3.937
2015-1-13T0:28:9Z	3.937
2015-1-13T0:28:20Z	3.937
2015-1-13T0:28:31Z	3.937
2015-1-13T0:28:42Z	3.937
2015-1-13T0:28:53Z	3.937
2015-1-13T0:29:4Z	3.937
2015-1-13T0:29:15Z	3.937
2015-1-13T0:29:26Z	3.875
2015-1-13T0:29:38Z	3.875
2015-1-13T0:29:49Z	3.875
2015-1-13T0:30:0Z	3.875
2015-1-13T0:30:11Z	3.875
2015-1-13T0:30:22Z	3.875
2015-1-13T0:30:33Z	3.937
2015-1-13T0:30:44Z	3.937
2015-1-13T0:30:55Z	3.937
2015-1-13T0:31:6Z	3.937
2015-1-13T0:31:17Z	3.937
2015-1-13T0:31:28Z	3.875
2015-1-13T0:31:39Z	3.875
2015-1-13T0:31:50Z	3.937
2015-1-13T0:32:1Z	3.937
2015-1-13T0:32:13Z	3.937
2015-1-13T0:32:24Z	3.937
2015-1-13T0:32:35Z	3.937
2015-1-13T0:32:46Z	3.937
2015-1-13T0:32:57Z	3.937
2015-1-13T0:33:8Z	3.937
2015-1-13T0:33:19Z	3.937
2015-1-13T0:33:30Z	3.937
2015-1-13T0:33:41Z	3.937
2015-1-13T0:33:52Z	3.937
2015-1-13T0:34:3Z	3.937
2015-1-13T0:34:14Z	3.875
2015-1-13T0:34:25Z	3.875
2015-1-13T0:34:36Z	3.937
2015-1-13T0:34:47Z	3.875
2015-1-13T0:34:59Z	3.937
2015-1-13T0:35:10Z	3.937
2015-1-13T0:35:21Z	3.937
2015-1-13T0:35:32Z	4.000
2015-1-13T0:35:43Z	4.000
2015-1-13T0:35:54Z	4.063
2015-1-13T0:36:5Z	4.063
2015-1-13T0:36:16Z	4.000
2015-1-13T0:36:27Z	4.000
2015-1-13T0:36:38Z	4.000
2015-1-13T0:36:49Z	3.937
2015-1-13T0:37:0Z	3.937
2015-1-13T0:37:11Z	3.937
2015-1-13T0:37:22Z	3.937
2015-1-13T0:37:33Z	3.937
2015-1-13T0:37:45Z	3.937
2015-1-13T0:37:56Z	3.937
2015-1-13T0:38:7Z	3.937
2015-1-13T0:38:18Z	3.937
2015-1-13T0:38:29Z	3.937
2015-1-13T0:38:40Z	4.000
2015-1-13T0:38:51Z	4.000
2015-1-13T0:39:2Z	4.000
2015-1-13T0:39:13Z	4.000
2015-1-13T0:39:24Z	3.937
2015-1-13T0:39:35Z	3.937
2015-1-13T0:39:46Z	3.937
2015-1-13T0:39:57Z	3.937
2015-1-13T0:40:8Z	3.937
2015-1-13T0:40:19Z	3.875
2015-1-13T0:40:31Z	3.937
2015-1-13T0:40:42Z	3.875
2015-1-13T0:40:53Z	3.875
2015-1-13T0:41:4Z	3.875
2015-1-13T0:41:15Z	3.937
2015-1-13T0:41:26Z	3.937
2015-1-13T0:41:37Z	3.937
2015-1-13T0:41:48Z	3.937
2015-1-13T0:41:59Z	3.937
2015-1-13T0:42:10Z	3.937
2015-1-13T0:42:21Z	3.937
2015-1-13T0:42:32Z	3.937
2015-1-13T0:42:43Z	3.937
2015-1-13T0:42:54Z	3.937
2015-1-13T0:43:5Z	3.937
2015-1-13T0:43:17Z	3.875
2015-1-13T0:43:28Z	3.937
2015-1-13T0:43:39Z	3.937
2015-1-13T0:43:50Z	3.875
2015-1-13T0:44:1Z	3.875
2015-1-13T0:44:12Z	3.812
2015-1-13T0:44:23Z	3.812
2015-1-13T0:44:34Z	3.812
2015-1-13T0:44:45Z	3.812
2015-1-13T0:44:56Z	3.875
2015-1-13T0:45:7Z	3.875
2015-1-13T0:45:18Z	3.937
2015-1-13T0:45:29Z	3.937
2015-1-13T0:45:40Z	3.937
2015-1-13T0:45:51Z	3.937
2015-1-13T0:46:3Z	3.937
2015-1-13T0:46:14Z	3.875
2015-1-13T0:46:25Z	3.875
2015-1-13T0:46:36Z	3.875
2015-1-13T0:46:47Z	3.875
2015-1-13T0:46:58Z	3.875
2015-1-13T0:47:9Z	3.875
2015-1-13T0:47:20Z	3.875
2015-1-13T0:47:31Z	3.875
2015-1-13T0:47:42Z	3.875
2015-1-13T0:47:53Z	3.875
2015-1-13T0:48:4Z	3.875
2015-1-13T0:48:15Z	3.875
2015-1-13T0:48:26Z	3.812
2015-1-13T0:48:37Z	3.812
2015-1-13T0:48:49Z	3.812
2015-1-13T0:49:0Z	3.812
2015-1-13T0:49:11Z	3.812
2015-1-13T0:49:22Z	3.812
2015-1-13T0:49:33Z	3.812
2015-1-13T0:49:44Z	3.812
2015-1-13T0:49:55Z	3.812
2015-1-13T0:50:6Z	3.812
2015-1-13T0:50:17Z	3.812
2015-1-13T0:50:28Z	3.812
2015-1-13T0:50:39Z	3.812
2015-1-13T0:50:50Z	3.812
2015-1-13T0:51:1Z	3.812
2015-1-13T0:51:12Z	3.812
2015-1-13T0:51:23Z	3.875
2015-1-13T0:51:35Z	3.937
2015-1-13T0:51:46Z	3.937
2015-1-13T0:51:57Z	3.937
2015-1-13T0:52:8Z	3.875
2015-1-13T0:52:19Z	3.875
2015-1-13T0:52:30Z	3.812
2015-1-13T0:52:41Z	3.812
2015-1-13T0:52:52Z	3.750
2015-1-13T0:53:3Z	3.812
2015-1-13T0:53:14Z	3.812
2015-1-13T0:53:25Z	3.812
2015-1-13T0:53:36Z	3.812
2015-1-13T0:53:47Z	3.812
2015-1-13T0:53:58Z	3.812
2015-1-13T0:54:10Z	3.812
2015-1-13T0:54:21Z	3.812
2015-1-13T0:54:32Z	3.812
2015-1-13T0:54:43Z	3.875
2015-1-13T0:54:54Z	3.812
2015-1-13T0:55:5Z	3.750
2015-1-13T0:55:16Z	3.750
2015-1-13T0:55:27Z	3.750
2015-1-13T0:55:38Z	3.750
2015-1-13T0:55:49Z	3.750
2015-1-13T0:56:0Z	3.750
2015-1-13T0:56:11Z	3.750
2015-1-13T0:56:22Z	3.750
2015-1-13T0:56:33Z	3.750
2015-1-13T0:56:45Z	3.750
2015-1-13T0:56:56Z	3.750
2015-1-13T0:57:7Z	3.750
2015-1-13T0:57:18Z	3.750
2015-1-13T0:57:29Z	3.750
2015-1-13T0:57:40Z	3.750
2015-1-13T0:57:51Z	3.750
2015-1-13T0:58:2Z	3.750
2015-1-13T0:58:13Z	3.687
2015-1-13T0:58:24Z	3.750
2015-1-13T0:58:35Z	3.750
2015-1-13T0:58:46Z	3.750
2015-1-13T0:58:57Z	3.750
2015-1-13T0:59:8Z	3.687
2015-1-13T0:59:19Z	3.687
2015-1-13T0:59:31Z	3.687
2015-1-13T0:59:42Z	3.750
2015-1-13T0:59:53Z	3.687
2015-1-13T1:0:4Z	3.687
2015-1-13T1:0:15Z	3.625
2015-1-13T1:0:26Z	3.625
2015-1-13T1:0:37Z	3.625
2015-1-13T1:0:48Z	3.625
2015-1-13T1:0:59Z	3.687
2015-1-13T1:1:10Z	3.625
2015-1-13T1:1:21Z	3.625
2015-1-13T1:1:32Z	3.625
2015-1-13T1:1:43Z	3.625
2015-1-13T1:1:54Z	3.625
2015-1-13T1:2:6Z	3.625
2015-1-13T1:2:17Z	3.625
2015-1-13T1:2:28Z	3.625
2015-1-13T1:2:39Z	3.625
2015-1-13T1:2:50Z	3.625
2015-1-13T1:3:1Z	3.687
2015-1-13T1:3:12Z	3.687
2015-1-13T1:3:23Z	3.687
2015-1-13T1:3:34Z	3.625
2015-1-13T1:3:45Z	3.625
2015-1-13T1:3:56Z	3.562
2015-1-13T1:4:7Z	3.562
2015-1-13T1:4:18Z	3.500
2015-1-13T1:4:29Z	3.562
2015-1-13T1:4:41Z	3.562
2015-1-13T1:4:52Z	3.562
2015-1-13T1:5:3Z	3.562
2015-1-13T1:5:14Z	3.562
2015-1-13T1:5:25Z	3.562
2015-1-13T1:5:36Z	3.625
2015-1-13T1:5:47Z	3.562
2015-1-13T1:5:58Z	3.562
2015-1-13T1:6:9Z	3.500
2015-1-13T1:6:20Z	3.562
2015-1-13T1:6:31Z	3.562
2015-1-13T1:6:42Z	3.562
2015-1-13T1:6:53Z	3.500
2015-1-13T1:7:5Z	3.562
2015-1-13T1:7:16Z	3.562
2015-1-13T1:7:27Z	3.562
2015-1-13T1:7:38Z	3.625
2015-1-13T1:7:49Z	3.625
2015-1-13T1:8:0Z	3.625
2015-1-13T1:8:11Z	3.625
2015-1-13T1:8:22Z	3.562
2015-1-13T1:8:33Z	3.562
2015-1-13T1:8:44Z	3.562
2015-1-13T1:8:55Z	3.562
2015-1-13T1:9:6Z	3.562
2015-1-13T1:9:17Z	3.562
2015-1-13T1:9:28Z	3.562
2015-1-13T1:9:40Z	3.562
2015-1-13T1:9:51Z	3.562
2015-1-13T1:10:2Z	3.562
2015-1-13T1:10:13Z	3.625
2015-1-13T1:10:24Z	3.562
2015-1-13T1:10:35Z	3.625
2015-1-13T1:10:46Z	3.625
2015-1-13T1:10:57Z	3.687
2015-1-13T1:11:8Z	3.687
2015-1-13T1:11:19Z	3.687
2015-1-13T1:11:30Z	3.687
2015-1-13T1:11:41Z	3.625
2015-1-13T1:11:52Z	3.562
2015-1-13T1:12:3Z	3.625
2015-1-13T1:12:15Z	3.625
2015-1-13T1:12:26Z	3.625
2015-1-13T1:12:37Z	3.625
2015-1-13T1:12:48Z	3.687
2015-1-13T1:12:59Z	3.687
2015-1-13T1:13:10Z	3.687
2015-1-13T1:13:21Z	3.687
2015-1-13T1:13:32Z	3.750
2015-1-13T1:13:43Z	3.750
2015-1-13T1:13:54Z	3.750
2015-1-13T1:14:5Z	3.750
2015-1-13T1:14:16Z	3.750
2015-1-13T1:14:27Z	3.750
2015-1-13T1:14:38Z	3.687
2015-1-13T1:14:50Z	3.687
2015-1-13T1:15:1Z	3.687
2015-1-13T1:15:12Z	3.687
2015-1-13T1:15:23Z	3.687
2015-1-13T1:15:34Z	3.687
2015-1-13T1:15:45Z	3.687
2015-1-13T1:15:56Z	3.687
2015-1-13T1:16:7Z	3.750
2015-1-13T1:16:18Z	3.812
2015-1-13T1:16:29Z	3.812
2015-1-13T1:16:40Z	3.812
2015-1-13T1:16:51Z	3.750
2015-1-13T1:17:2Z	3.750
2015-1-13T1:17:13Z	3.750
2015-1-13T1:17:25Z	3.750
2015-1-13T1:17:36Z	3.750
2015-1-13T1:17:47Z	3.750
2015-1-13T1:17:58Z	3.750
2015-1-13T1:18:9Z	3.687
2015-1-13T1:18:20Z	3.687
2015-1-13T1:18:31Z	3.625
2015-1-13T1:18:42Z	3.625
2015-1-13T1:18:53Z	3.625
2015-1-13T1:19:4Z	3.625
2015-1-13T1:19:15Z	3.625
2015-1-13T1:19:26Z	3.625
2015-1-13T1:19:37Z	3.562
2015-1-13T1:19:48Z	3.562
2015-1-13T1:20:0Z	3.625
2015-1-13T1:20:11Z	3.625
2015-1-13T1:20:22Z	3.625
2015-1-13T1:20:33Z	3.625
2015-1-13T1:20:44Z	3.625
2015-1-13T1:20:55Z	3.625
2015-1-13T1:21:6Z	3.625
2015-1-13T1:21:17Z	3.562
2015-1-13T1:21:28Z	3.562
2015-1-13T1:21:39Z	3.562
2015-1-13T1:21:50Z	3.562
2015-1-13T1:22:1Z	3.562
2015-1-13T1:22:12Z	3.562
2015-1-13T1:22:23Z	3.625
2015-1-13T1:22:35Z	3.562
2015-1-13T1:22:46Z	3.625
2015-1-13T1:22:57Z	3.625
2015-1-13T1:23:8Z	3.625
2015-1-13T1:23:19Z	3.625
2015-1-13T1:23:30Z	3.625
2015-1-13T1:23:41Z	3.625
2015-1-13T1:23:52Z	3.625
2015-1-13T1:24:3Z	3.562
2015-1-13T1:24:14Z	3.625
2015-1-13T1:24:25Z	3.625
2015-1-13T1:24:36Z	3.625
2015-1-13T1:24:47Z	3.625
2015-1-13T1:24:58Z	3.625
2015-1-13T1:25:9Z	3.625
2015-1-13T1:25:21Z	3.625
2015-1-13T1:25:32Z	3.625
2015-1-13T1:25:43Z	3.562
2015-1-13T1:25:54Z	3.625
2015-1-13T1:26:5Z	3.625
2015-1-13T1:26:16Z	3.625
2015-1-13T1:26:27Z	3.687
2015-1-13T1:26:38Z	3.625
2015-1-13T1:26:49Z	3.687
2015-1-13T1:27:0Z	3.625
2015-1-13T1:27:11Z	3.625
2015-1-13T1:27:22Z	3.625
2015-1-13T1:27:33Z	3.562
2015-1-13T1:27:44Z	3.562
2015-1-13T1:27:56Z	3.500
2015-1-13T1:28:7Z	3.500
2015-1-13T1:28:18Z	3.500
2015-1-13T1:28:29Z	3.500
2015-1-13T1:28:40Z	3.500
2015-1-13T1:28:51Z	3.500
2015-1-13T1:29:2Z	3.562
2015-1-13T1:29:13Z	3.562
2015-1-13T1:29:24Z	3.562
2015-1-13T1:29:35Z	3.562
2015-1-13T1:29:46Z	3.562
2015-1-13T1:29:57Z	3.562
2015-1-13T1:30:8Z	3.625
2015-1-13T1:30:19Z	3.625
2015-1-13T1:30:30Z	3.625
2015-1-13T1:30:42Z	3.625
2015-1-13T1:30:53Z	3.562
2015-1-13T1:31:4Z	3.625
2015-1-13T1:31:15Z	3.562
2015-1-13T1:31:26Z	3.562
2015-1-13T1:31:37Z	3.625
2015-1-13T1:31:48Z	3.562
2015-1-13T1:31:59Z	3.562
2015-1-13T1:32:10Z	3.500
2015-1-13T1:32:21Z	3.437
2015-1-13T1:32:32Z	3.500
2015-1-13T1:32:43Z	3.437
2015-1-13T1:32:54Z	3.437
2015-1-13T1:33:5Z	3.500
2015-1-13T1:33:17Z	3.500
2015-1-13T1:33:28Z	3.500
2015-1-13T1:33:39Z	3.500
2015-1-13T1:33:50Z	3.500
2015-1-13T1:34:1Z	3.500
2015-1-13T1:34:12Z	3.437
2015-1-13T1:34:23Z	3.500
2015-1-13T1:34:34Z	3.500
2015-1-13T1:34:45Z	3.500
2015-1-13T1:34:56Z	3.437
2015-1-13T1:35:7Z	3.437
2015-1-13T1:35:18Z	3.375
2015-1-13T1:35:29Z	3.437
2015-1-13T1:35:40Z	3.375
2015-1-13T1:35:51Z	3.437
2015-1-13T1:36:3Z	3.437
2015-1-13T1:36:14Z	3.437
2015-1-13T1:36:25Z	3.437
2015-1-13T1:36:36Z	3.500
2015-1-13T1:36:47Z	3.500
2015-1-13T1:36:58Z	3.500
2015-1-13T1:37:9Z	3.500
2015-1-13T1:37:20Z	3.500
2015-1-13T1:37:31Z	3.500
2015-1-13T1:37:42Z	3.500
2015-1-13T1:37:53Z	3.437
2015-1-13T1:38:4Z	3.437
2015-1-13T1:38:15Z	3.437
2015-1-13T1:38:26Z	3.437
2015-1-13T1:38:37Z	3.437
2015-1-13T1:38:49Z	3.437
2015-1-13T1:39:0Z	3.375
2015-1-13T1:39:11Z	3.375
2015-1-13T1:39:22Z	3.437
2015-1-13T1:39:33Z	3.437
2015-1-13T1:39:44Z	3.437
2015-1-13T1:39:55Z	3.437
2015-1-13T1:40:6Z	3.437
2015-1-13T1:40:17Z	3.437
2015-1-13T1:40:28Z	3.500
2015-1-13T1:40:39Z	3.500
2015-1-13T1:40:50Z	3.500
2015-1-13T1:41:1Z	3.500
2015-1-13T1:41:12Z	3.500
2015-1-13T1:41:23Z	3.500
2015-1-13T1:41:35Z	3.500
2015-1-13T1:41:46Z	3.437
2015-1-13T1:41:57Z	3.500
2015-1-13T1:42:8Z	3.437
2015-1-13T1:42:19Z	3.500
2015-1-13T1:42:30Z	3.500
2015-1-13T1:42:41Z	3.500
2015-1-13T1:42:52Z	3.437
2015-1-13T1:43:3Z	3.437
2015-1-13T1:43:14Z	3.437
2015-1-13T1:43:25Z	3.437
2015-1-13T1:43:36Z	3.437
2015-1-13T1:43:47Z	3.437
2015-1-13T1:43:58Z	3.375
2015-1-13T1:44:10Z	3.375
2015-1-13T1:44:21Z	3.437
2015-1-13T1:44:32Z	3.375
2015-1-13T1:44:43Z	3.375
2015-1-13T1:44:54Z	3.375
2015-1-13T1:45:5Z	3.375
2015-1-13T1:45:16Z	3.375
2015-1-13T1:45:27Z	3.375
2015-1-13T1:45:38Z	3.437
2015-1-13T1:45:49Z	3.437
2015-1-13T1:46:0Z	3.437
2015-1-13T1:46:11Z	3.437
2015-1-13T1:46:22Z	3.375
2015-1-13T1:46:33Z	3.437
2015-1-13T1:46:44Z	3.375
2015-1-13T1:46:56Z	3.375
2015-1-13T1:47:7Z	3.437
2015-1-13T1:47:18Z	3.375
2015-1-13T1:47:29Z	3.375
2015-1-13T1:47:40Z	3.375
2015-1-13T1:47:51Z	3.312
2015-1-13T1:48:2Z	3.312
2015-1-13T1:48:13Z	3.312
2015-1-13T1:48:24Z	3.250
2015-1-13T1:48:35Z	3.250
2015-1-13T1:48:46Z	3.187
2015-1-13T1:48:57Z	3.187
2015-1-13T1:49:8Z	3.187
2015-1-13T1:49:19Z	3.187
2015-1-13T1:49:30Z	3.125
2015-1-13T1:49:42Z	3.125
2015-1-13T1:49:53Z	3.187
2015-1-13T1:50:4Z	3.187
2015-1-13T1:50:15Z	3.187
2015-1-13T1:50:26Z	3.250
2015-1-13T1:50:37Z	3.250
2015-1-13T1:50:48Z	3.250
2015-1-13T1:50:59Z	3.250
2015-1-13T1:51:10Z	3.250
2015-1-13T1:51:21Z	3.312
2015-1-13T1:51:32Z	3.250
2015-1-13T1:51:43Z	3.375
2015-1-13T1:51:54Z	3.375
2015-1-13T1:52:5Z	3.375
2015-1-13T1:52:17Z	3.375
2015-1-13T1:52:28Z	3.312
2015-1-13T1:52:39Z	3.312
2015-1-13T1:52:50Z	3.312
2015-1-13T1:53:1Z	3.250
2015-1-13T1:53:12Z	3.312
2015-1-13T1:53:23Z	3.375
2015-1-13T1:53:34Z	3.375
2015-1-13T1:53:45Z	3.375
2015-1-13T1:53:56Z	3.312
2015-1-13T1:54:7Z	3.312
2015-1-13T1:54:18Z	3.312
2015-1-13T1:54:29Z	3.312
2015-1-13T1:54:40Z	3.312
2015-1-13T1:54:52Z	3.312
2015-1-13T1:55:3Z	3.312
2015-1-13T1:55:14Z	3.312
2015-1-13T1:55:25Z	3.312
2015-1-13T1:55:36Z	3.312
2015-1-13T1:55:47Z	3.312
2015-1-13T1:55:58Z	3.312
2015-1-13T1:56:9Z	3.312
2015-1-13T1:56:20Z	3.312
2015-1-13T1:56:31Z	3.375
2015-1-13T1:56:42Z	3.375
2015-1-13T1:56:53Z	3.375
2015-1-13T1:57:4Z	3.375
2015-1-13T1:57:15Z	3.375
2015-1-13T1:57:27Z	3.375
2015-1-13T1:57:38Z	3.437
2015-1-13T1:57:49Z	3.375
2015-1-13T1:58:0Z	3.375
2015-1-13T1:58:11Z	3.375
2015-1-13T1:58:22Z	3.375
2015-1-13T1:58:33Z	3.312
2015-1-13T1:58:44Z	3.312
2015-1-13T1:58:55Z	3.312
2015-1-13T1:59:6Z	3.250
2015-1-13T1:59:17Z	3.312
2015-1-13T1:59:28Z	3.312
2015-1-13T1:59:39Z	3.312
2015-1-13T1:59:50Z	3.312
2015-1-13T2:0:2Z	3.312
2015-1-13T2:0:13Z	3.312
2015-1-13T2:0:24Z	3.250
2015-1-13T2:0:35Z	3.250
2015-1-13T2:0:46Z	3.312
2015-1-13T2:0:57Z	3.312
2015-1-13T2:1:8Z	3.312
2015-1-13T2:1:19Z	3.250
2015-1-13T2:1:30Z	3.250
2015-1-13T2:1:41Z	3.187
2015-1-13T2:1:52Z	3.250
2015-1-13T2:2:3Z	3.250
2015-1-13T2:2:14Z	3.250
2015-1-13T2:2:25Z	3.250
2015-1-13T2:2:37Z	3.250
2015-1-13T2:2:48Z	3.250
2015-1-13T2:2:59Z	3.187
2015-1-13T2:3:10Z	3.187
2015-1-13T2:3:21Z	3.187
2015-1-13T2:3:32Z	3.187
2015-1-13T2:3:43Z	3.250
2015-1-13T2:3:54Z	3.250
2015-1-13T2:4:5Z	3.250
2015-1-13T2:4:16Z	3.250
2015-1-13T2:4:27Z	3.312
2015-1-13T2:4:38Z	3.312
2015-1-13T2:4:49Z	3.250
2015-1-13T2:5:0Z	3.187
2015-1-13T2:5:12Z	3.187
2015-1-13T2:5:23Z	3.187
2015-1-13T2:5:34Z	3.187
2015-1-13T2:5:45Z	3.187
2015-1-13T2:5:56Z	3.187
2015-1-13T2:6:7Z	3.250
2015-1-13T2:6:18Z	3.187
2015-1-13T2:6:29Z	3.187
2015-1-13T2:6:40Z	3.187
2015-1-13T2:6:51Z	3.187
2015-1-13T2:7:2Z	3.187
2015-1-13T2:7:13Z	3.187
2015-1-13T2:7:24Z	3.187
2015-1-13T2:7:35Z	3.187
2015-1-13T2:7:47Z	3.250
2015-1-13T2:7:58Z	3.187
2015-1-13T2:8:9Z	3.187
2015-1-13T2:8:20Z	3.187
2015-1-13T2:8:31Z	3.250
2015-1-13T2:8:42Z	3.250
2015-1-13T2:8:53Z	3.250
2015-1-13T2:9:4Z	3.250
2015-1-13T2:9:15Z	3.250
2015-1-13T2:9:26Z	3.250
2015-1-13T2:9:37Z	3.187
2015-1-13T2:9:48Z	3.187
2015-1-13T2:9:59Z	3.187
2015-1-13T2:10:11Z	3.187
2015-1-13T2:10:22Z	3.125
2015-1-13T2:10:33Z	3.125
2015-1-13T2:10:44Z	3.187
2015-1-13T2:10:55Z	3.187
2015-1-13T2:11:6Z	3.187
2015-1-13T2:11:17Z	3.187
2015-1-13T2:11:28Z	3.187
2015-1-13T2:11:39Z	3.125
2015-1-13T2:11:50Z	3.125
2015-1-13T2:12:1Z	3.125
2015-1-13T2:12:12Z	3.187
2015-1-13T2:12:23Z	3.125
2015-1-13T2:12:34Z	3.125
2015-1-13T2:12:45Z	3.125
2015-1-13T2:12:57Z	3.125
2015-1-13T2:13:8Z	3.125
2015-1-13T2:13:19Z	3.125
2015-1-13T2:13:30Z	3.187
2015-1-13T2:13:41Z	3.125
2015-1-13T2:13:52Z	3.125
2015-1-13T2:14:3Z	3.125
2015-1-13T2:14:14Z	3.125
2015-1-13T2:14:25Z	3.062
2015-1-13T2:14:36Z	3.062
2015-1-13T2:14:47Z	3.062
2015-1-13T2:14:58Z	3.062
2015-1-13T2:15:9Z	3.062
2015-1-13T2:15:21Z	3.062
2015-1-13T2:15:32Z	3.125
2015-1-13T2:15:43Z	3.125
2015-1-13T2:15:54Z	3.062
2015-1-13T2:16:5Z	3.062
2015-1-13T2:16:16Z	3.062
2015-1-13T2:16:27Z	3.000
2015-1-13T2:16:38Z	3.000
2015-1-13T2:16:49Z	3.062
2015-1-13T2:17:0Z	3.062
2015-1-13T2:17:11Z	3.062
2015-1-13T2:17:22Z	3.000
2015-1-13T2:17:33Z	3.000
2015-1-13T2:17:44Z	3.000
2015-1-13T2:17:56Z	3.000
2015-1-13T2:18:7Z	3.000
2015-1-13T2:18:18Z	3.000
2015-1-13T2:18:29Z	3.000
2015-1-13T2:18:40Z	3.000
2015-1-13T2:18:51Z	3.062
2015-1-13T2:19:2Z	3.062
2015-1-13T2:19:13Z	3.062
2015-1-13T2:19:24Z	3.125
2015-1-13T2:19:35Z	3.062
2015-1-13T2:19:46Z	3.062
2015-1-13T2:19:57Z	3.062
2015-1-13T2:20:8Z	3.125
2015-1-13T2:20:19Z	3.125
2015-1-13T2:20:31Z	3.125
2015-1-13T2:20:42Z	3.125
2015-1-13T2:20:53Z	3.125
2015-1-13T2:21:4Z	3.125
2015-1-13T2:21:15Z	3.125
2015-1-13T2:21:26Z	3.125
2015-1-13T2:21:37Z	3.125
2015-1-13T2:21:48Z	3.125
2015-1-13T2:21:59Z	3.125
2015-1-13T2:22:10Z	3.187
2015-1-13T2:22:21Z	3.125
2015-1-13T2:22:32Z	3.125
2015-1-13T2:22:43Z	3.187
2015-1-13T2:22:54Z	3.125
2015-1-13T2:23:6Z	3.125
2015-1-13T2:23:17Z	3.125
2015-1-13T2:23:28Z	3.125
2015-1-13T2:23:39Z	3.125
2015-1-13T2:23:50Z	3.125
2015-1-13T2:24:1Z	3.062
2015-1-13T2:24:12Z	3.062
2015-1-13T2:24:23Z	3.062
2015-1-13T2:24:34Z	3.062
2015-1-13T2:24:45Z	3.062
2015-1-13T2:24:56Z	3.062
2015-1-13T2:25:7Z	3.062
2015-1-13T2:25:18Z	3.062
2015-1-13T2:25:29Z	3.062
2015-1-13T2:25:40Z	3.062
2015-1-13T2:25:52Z	3.000
2015-1-13T2:26:3Z	3.062
2015-1-13T2:26:14Z	3.062
2015-1-13T2:26:25Z	3.062
2015-1-13T2:26:36Z	3.062
2015-1-13T2:26:47Z	3.062
2015-1-13T2:26:58Z	3.125
2015-1-13T2:27:9Z	3.125
2015-1-13T2:27:20Z	3.125
2015-1-13T2:27:31Z	3.125
2015-1-13T2:27:42Z	3.062
2015-1-13T2:27:53Z	3.062
2015-1-13T2:28:4Z	3.062
2015-1-13T2:28:15Z	3.000
2015-1-13T2:28:27Z	3.000
2015-1-13T2:28:38Z	2.937
2015-1-13T2:28:49Z	2.937
2015-1-13T2:29:0Z	2.937
2015-1-13T2:29:11Z	2.937
2015-1-13T2:29:22Z	2.937
2015-1-13T2:29:33Z	2.937
2015-1-13T2:29:44Z	2.937
2015-1-13T2:29:55Z	2.937
2015-1-13T2:30:6Z	2.937
2015-1-13T2:30:17Z	2.937
2015-1-13T2:30:28Z	3.000
2015-1-13T2:30:39Z	3.000
2015-1-13T2:30:50Z	3.000
2015-1-13T2:31:1Z	3.062
2015-1-13T2:31:13Z	3.000
2015-1-13T2:31:24Z	3.000
2015-1-13T2:31:35Z	3.000
2015-1-13T2:31:46Z	3.000
2015-1-13T2:31:57Z	3.000
2015-1-13T2:32:8Z	3.000
2015-1-13T2:32:19Z	3.000
2015-1-13T2:32:30Z	3.000
2015-1-13T2:32:41Z	3.000
2015-1-13T2:32:52Z	3.000
2015-1-13T2:33:3Z	3.000
2015-1-13T2:33:14Z	3.000
2015-1-13T2:33:25Z	3.000
2015-1-13T2:33:36Z	3.000
2015-1-13T2:33:47Z	3.000
2015-1-13T2:33:59Z	3.000
2015-1-13T2:34:10Z	3.000
2015-1-13T2:34:21Z	3.000
2015-1-13T2:34:32Z	3.000
2015-1-13T2:34:43Z	3.000
2015-1-13T2:34:54Z	2.937
2015-1-13T2:35:5Z	2.937
2015-1-13T2:35:16Z	3.000
2015-1-13T2:35:27Z	3.000
2015-1-13T2:35:38Z	2.937
2015-1-13T2:35:49Z	2.937
2015-1-13T2:36:0Z	2.937
2015-1-13T2:36:11Z	2.937
2015-1-13T2:36:22Z	2.937
2015-1-13T2:36:33Z	2.937
2015-1-13T2:36:45Z	2.937
2015-1-13T2:36:56Z	2.937
2015-1-13T2:37:7Z	2.875
2015-1-13T2:37:18Z	2.875
2015-1-13T2:37:29Z	2.875
2015-1-13T2:37:40Z	2.937
2015-1-13T2:37:51Z	2.875
2015-1-13T2:38:2Z	2.937
2015-1-13T2:38:13Z	2.937
2015-1-13T2:38:24Z	3.000
2015-1-13T2:38:35Z	3.000
2015-1-13T2:38:46Z	2.937
2015-1-13T2:38:57Z	2.937
2015-1-13T2:39:8Z	2.875
2015-1-13T2:39:20Z	2.937
2015-1-13T2:39:31Z	2.937
2015-1-13T2:39:42Z	2.937
2015-1-13T2:39:53Z	2.937
2015-1-13T2:40:4Z	2.937
2015-1-13T2:40:15Z	2.937
2015-1-13T2:40:26Z	2.937
2015-1-13T2:40:37Z	2.875
2015-1-13T2:40:48Z	2.875
2015-1-13T2:40:59Z	2.875
2015-1-13T2:41:10Z	2.875
2015-1-13T2:41:21Z	2.937
2015-1-13T2:41:32Z	2.937
2015-1-13T2:41:43Z	3.000
2015-1-13T2:41:55Z	2.937
2015-1-13T2:42:6Z	2.937
2015-1-13T2:42:17Z	2.937
2015-1-13T2:42:28Z	2.937
2015-1-13T2:42:39Z	2.937
2015-1-13T2:42:50Z	2.937
2015-1-13T2:43:1Z	2.875
2015-1-13T2:43:12Z	2.937
2015-1-13T2:43:23Z	2.937
2015-1-13T2:43:34Z	2.875
2015-1-13T2:43:45Z	2.875
2015-1-13T2:43:56Z	2.875
2015-1-13T2:44:7Z	2.875
2015-1-13T2:44:18Z	2.875
2015-1-13T2:44:30Z	2.875
2015-1-13T2:44:41Z	2.937
2015-1-13T2:44:52Z	2.937
2015-1-13T2:45:3Z	2.875
2015-1-13T2:45:14Z	2.937
2015-1-13T2:45:25Z	2.875
2015-1-13T2:45:36Z	2.812
2015-1-13T2:45:47Z	2.812
2015-1-13T2:45:58Z	2.812
2015-1-13T2:46:9Z	2.750
2015-1-13T2:46:20Z	2.750
2015-1-13T2:46:31Z	2.750
2015-1-13T2:46:42Z	2.750
2015-1-13T2:46:53Z	2.750
2015-1-13T2:47:5Z	2.812
2015-1-13T2:47:16Z	2.812
2015-1-13T2:47:27Z	2.812
2015-1-13T2:47:38Z	2.812
2015-1-13T2:47:49Z	2.750
2015-1-13T2:48:0Z	2.750
2015-1-13T2:48:11Z	2.812
2015-1-13T2:48:22Z	2.812
2015-1-13T2:48:33Z	2.812
2015-1-13T2:48:45Z	2.750
2015-1-13T2:48:56Z	2.812
2015-1-13T2:49:7Z	2.812
2015-1-13T2:49:18Z	2.750
2015-1-13T2:49:29Z	2.750
2015-1-13T2:49:40Z	2.750
2015-1-13T2:49:51Z	2.750
2015-1-13T2:50:2Z	2.750
2015-1-13T2:50:13Z	2.750
2015-1-13T2:50:24Z	2.750
2015-1-13T2:50:35Z	2.750
2015-1-13T2:50:46Z	2.750
2015-1-13T2:50:57Z	2.750
2015-1-13T2:51:9Z	2.812
2015-1-13T2:51:20Z	2.812
2015-1-13T2:51:31Z	2.750
2015-1-13T2:51:42Z	2.750
2015-1-13T2:51:53Z	2.750
2015-1-13T2:52:4Z	2.750
2015-1-13T2:52:15Z	2.750
2015-1-13T2:52:26Z	2.687
2015-1-13T2:52:37Z	2.687
2015-1-13T2:52:48Z	2.687
2015-1-13T2:52:59Z	2.687
2015-1-13T2:53:10Z	2.687
2015-1-13T2:53:21Z	2.687
2015-1-13T2:53:32Z	2.687
2015-1-13T2:53:44Z	2.750
2015-1-13T2:53:55Z	2.750
2015-1-13T2:54:6Z	2.750
2015-1-13T2:54:17Z	2.750
2015-1-13T2:54:28Z	2.750
2015-1-13T2:54:39Z	2.812
2015-1-13T2:54:50Z	2.750
2015-1-13T2:55:1Z	2.750
2015-1-13T2:55:12Z	2.750
2015-1-13T2:55:23Z	2.750
2015-1-13T2:55:34Z	2.750
2015-1-13T2:55:45Z	2.687
2015-1-13T2:55:56Z	2.687
2015-1-13T2:56:7Z	2.687
2015-1-13T2:56:18Z	2.687
2015-1-13T2:56:30Z	2.687
2015-1-13T2:56:41Z	2.750
2015-1-13T2:56:52Z	2.750
2015-1-13T2:57:3Z	2.687
2015-1-13T2:57:14Z	2.750
2015-1-13T2:57:25Z	2.750
2015-1-13T2:57:36Z	2.750
2015-1-13T2:57:47Z	2.687
2015-1-13T2:57:58Z	2.750
2015-1-13T2:58:9Z	2.750
2015-1-13T2:58:20Z	2.750
2015-1-13T2:58:31Z	2.750
2015-1-13T2:58:42Z	2.687
2015-1-13T2:58:53Z	2.687
2015-1-13T2:59:5Z	2.687
2015-1-13T2:59:16Z	2.750
2015-1-13T2:59:27Z	2.750
2015-1-13T2:59:38Z	2.687
2015-1-13T2:59:49Z	2.687
2015-1-13T3:0:0Z	2.687
2015-1-13T3:0:11Z	2.750
2015-1-13T3:0:22Z	2.750
2015-1-13T3:0:33Z	2.750
2015-1-13T3:0:44Z	2.750
2015-1-13T3:0:55Z	2.750
2015-1-13T3:1:6Z	2.687
2015-1-13T3:1:17Z	2.687
2015-1-13T3:1:29Z	2.750
2015-1-13T3:1:40Z	2.687
2015-1-13T3:1:51Z	2.687
2015-1-13T3:2:2Z	2.687
2015-1-13T3:2:13Z	2.687
2015-1-13T3:2:24Z	2.687
2015-1-13T3:2:35Z	2.687
2015-1-13T3:2:46Z	2.750
2015-1-13T3:2:57Z	2.687
2015-1-13T3:3:8Z	2.687
2015-1-13T3:3:19Z	2.687
2015-1-13T3:3:30Z	2.687
2015-1-13T3:3:41Z	2.687
2015-1-13T3:3:52Z	2.687
2015-1-13T3:4:4Z	2.750
2015-1-13T3:4:15Z	2.687
2015-1-13T3:4:26Z	2.687
2015-1-13T3:4:37Z	2.687
2015-1-13T3:4:48Z	2.750
2015-1-13T3:4:59Z	2.750
2015-1-13T3:5:10Z	2.750
2015-1-13T3:5:21Z	2.750
2015-1-13T3:5:32Z	2.750
2015-1-13T3:5:43Z	2.812
2015-1-13T3:5:54Z	2.812
2015-1-13T3:6:5Z	2.812
2015-1-13T3:6:16Z	2.812
2015-1-13T3:6:27Z	2.812
2015-1-13T3:6:39Z	2.812
2015-1-13T3:6:50Z	2.812
2015-1-13T3:7:1Z	2.812
2015-1-13T3:7:12Z	2.812
2015-1-13T3:7:23Z	2.750
2015-1-13T3:7:34Z	2.750
2015-1-13T3:7:45Z	2.750
2015-1-13T3:7:56Z	2.687
2015-1-13T3:8:7Z	2.750
2015-1-13T3:8:18Z	2.687
2015-1-13T3:8:29Z	2.750
2015-1-13T3:8:40Z	2.750
2015-1-13T3:8:51Z	2.687
2015-1-13T3:9:2Z	2.687
2015-1-13T3:9:14Z	2.750
2015-1-13T3:9:25Z	2.750
2015-1-13T3:9:36Z	2.750
2015-1-13T3:9:47Z	2.750
2015-1-13T3:9:58Z	2.687
2015-1-13T3:10:9Z	2.625
2015-1-13T3:10:20Z	2.625
2015-1-13T3:10:31Z	2.687
2015-1-13T3:10:42Z	2.687
2015-1-13T3:10:53Z	2.687
2015-1-13T3:11:4Z	2.687
2015-1-13T3:11:15Z	2.750
2015-1-13T3:11:26Z	2.687
2015-1-13T3:11:37Z	2.625
2015-1-13T3:11:49Z	2.562
2015-1-13T3:12:0Z	2.625
2015-1-13T3:12:11Z	2.625
2015-1-13T3:12:22Z	2.625
2015-1-13T3:12:33Z	2.625
2015-1-13T3:12:44Z	2.625
2015-1-13T3:12:55Z	2.625
2015-1-13T3:13:6Z	2.625
2015-1-13T3:13:17Z	2.625
2015-1-13T3:13:28Z	2.625
2015-1-13T3:13:39Z	2.625
2015-1-13T3:13:50Z	2.687
2015-1-13T3:14:1Z	2.625
2015-1-13T3:14:12Z	2.562
2015-1-13T3:14:24Z	2.562
2015-1-13T3:14:35Z	2.562
2015-1-13T3:14:46Z	2.562
2015-1-13T3:14:57Z	2.625
2015-1-13T3:15:8Z	2.625
2015-1-13T3:15:19Z	2.625
2015-1-13T3:15:30Z	2.625
2015-1-13T3:15:41Z	2.687
2015-1-13T3:15:52Z	2.687
2015-1-13T3:16:3Z	2.687
2015-1-13T3:16:14Z	2.625
2015-1-13T3:16:25Z	2.625
2015-1-13T3:16:36Z	2.687
2015-1-13T3:16:47Z	2.750
2015-1-13T3:16:59Z	2.750
2015-1-13T3:17:10Z	2.750
2015-1-13T3:17:21Z	2.750
2015-1-13T3:17:32Z	2.750
2015-1-13T3:17:43Z	2.750
2015-1-13T3:17:54Z	2.750
2015-1-13T3:18:5Z	2.750
2015-1-13T3:18:16Z	2.812
2015-1-13T3:18:27Z	2.812
2015-1-13T3:18:38Z	2.812
2015-1-13T3:18:49Z	2.812
2015-1-13T3:19:1Z	2.750
2015-1-13T3:19:12Z	2.750
2015-1-13T3:19:23Z	2.750
2015-1-13T3:19:34Z	2.687
2015-1-13T3:19:45Z	2.750
2015-1-13T3:19:56Z	2.750
2015-1-13T3:20:7Z	2.687
2015-1-13T3:20:18Z	2.750
2015-1-13T3:20:29Z	2.750
2015-1-13T3:20:40Z	2.750
2015-1-13T3:20:51Z	2.750
2015-1-13T3:21:2Z	2.750
2015-1-13T3:21:13Z	2.750
2015-1-13T3:21:24Z	2.750
2015-1-13T3:21:36Z	2.750
2015-1-13T3:21:47Z	2.687
2015-1-13T3:21:58Z	2.687
2015-1-13T3:22:9Z	2.750
2015-1-13T3:22:20Z	2.750
2015-1-13T3:22:31Z	2.687
2015-1-13T3:22:42Z	2.687
2015-1-13T3:22:53Z	2.687
2015-1-13T3:23:4Z	2.687
2015-1-13T3:23:15Z	2.687
2015-1-13T3:23:26Z	2.687
2015-1-13T3:23:37Z	2.687
2015-1-13T3:23:48Z	2.687
2015-1-13T3:23:59Z	2.687
2015-1-13T3:24:11Z	2.687
2015-1-13T3:24:22Z	2.750
2015-1-13T3:24:33Z	2.750
2015-1-13T3:24:44Z	2.812
2015-1-13T3:24:55Z	2.750
2015-1-13T3:25:6Z	2.750
2015-1-13T3:25:17Z	2.750
2015-1-13T3:25:28Z	2.687
2015-1-13T3:25:39Z	2.750
2015-1-13T3:25:50Z	2.687
2015-1-13T3:26:1Z	2.687
2015-1-13T3:26:12Z	2.750
2015-1-13T3:26:23Z	2.687
2015-1-13T3:26:34Z	2.687
2015-1-13T3:26:46Z	2.625
2015-1-13T3:26:57Z	2.687
2015-1-13T3:27:8Z	2.687
2015-1-13T3:27:19Z	2.687
2015-1-13T3:27:30Z	2.687
2015-1-13T3:27:41Z	2.625
2015-1-13T3:27:52Z	2.687
2015-1-13T3:28:3Z	2.687
2015-1-13T3:28:14Z	2.687
2015-1-13T3:28:25Z	2.625
2015-1-13T3:28:36Z	2.687
2015-1-13T3:28:47Z	2.625
2015-1-13T3:28:58Z	2.625
2015-1-13T3:29:9Z	2.625
2015-1-13T3:29:21Z	2.625
2015-1-13T3:29:32Z	2.625
2015-1-13T3:29:43Z	2.625
2015-1-13T3:29:54Z	2.625
2015-1-13T3:30:5Z	2.625
2015-1-13T3:30:16Z	2.562
2015-1-13T3:30:27Z	2.625
2015-1-13T3:30:38Z	2.562
2015-1-13T3:30:49Z	2.625
2015-1-13T3:31:0Z	2.625
2015-1-13T3:31:11Z	2.625
2015-1-13T3:31:22Z	2.625
2015-1-13T3:31:33Z	2.625
2015-1-13T3:31:44Z	2.625
2015-1-13T3:31:56Z	2.562
2015-1-13T3:32:7Z	2.625
2015-1-13T3:32:18Z	2.625
2015-1-13T3:32:29Z	2.625
2015-1-13T3:32:40Z	2.625
2015-1-13T3:32:51Z	2.687
2015-1-13T3:33:2Z	2.687
2015-1-13T3:33:13Z	2.687
2015-1-13T3:33:24Z	2.687
2015-1-13T3:33:35Z	2.687
2015-1-13T3:33:46Z	2.687
2015-1-13T3:33:57Z	2.687
2015-1-13T3:34:8Z	2.750
2015-1-13T3:34:19Z	2.750
2015-1-13T3:34:31Z	2.750
2015-1-13T3:34:42Z	2.750
2015-1-13T3:34:53Z	2.750
2015-1-13T3:35:4Z	2.750
2015-1-13T3:35:15Z	2.687
2015-1-13T3:35:26Z	2.687
2015-1-13T3:35:37Z	2.687
2015-1-13T3:35:48Z	2.687
2015-1-13T3:35:59Z	2.687
2015-1-13T3:36:10Z	2.687
2015-1-13T3:36:21Z	2.750
2015-1-13T3:36:32Z	2.750
2015-1-13T3:36:43Z	2.687
2015-1-13T3:36:54Z	2.687
2015-1-13T3:37:6Z	2.687
2015-1-13T3:37:17Z	2.687
2015-1-13T3:37:28Z	2.687
2015-1-13T3:37:39Z	2.687
2015-1-13T3:37:50Z	2.625
2015-1-13T3:38:1Z	2.625
2015-1-13T3:38:12Z	2.687
2015-1-13T3:38:23Z	2.625
2015-1-13T3:38:34Z	2.562
2015-1-13T3:38:45Z	2.562
2015-1-13T3:38:56Z	2.562
2015-1-13T3:39:7Z	2.562
2015-1-13T3:39:18Z	2.562
2015-1-13T3:39:29Z	2.562
2015-1-13T3:39:41Z	2.625
2015-1-13T3:39:52Z	2.625
2015-1-13T3:40:3Z	2.687
2015-1-13T3:40:14Z	2.687
2015-1-13T3:40:25Z	2.687
2015-1-13T3:40:36Z	2.687
2015-1-13T3:40:47Z	2.687
2015-1-13T3:40:58Z	2.750
2015-1-13T3:41:9Z	2.687
2015-1-13T3:41:20Z	2.687
2015-1-13T3:41:31Z	2.687
2015-1-13T3:41:42Z	2.687
2015-1-13T3:41:53Z	2.687
2015-1-13T3:42:4Z	2.625
2015-1-13T3:42:16Z	2.625
2015-1-13T3:42:27Z	2.625
2015-1-13T3:42:38Z	2.625
2015-1-13T3:42:49Z	2.625
2015-1-13T3:43:0Z	2.625
2015-1-13T3:43:11Z	2.625
2015-1-13T3:43:22Z	2.562
2015-1-13T3:43:33Z	2.562
2015-1-13T3:43:44Z	2.500
2015-1-13T3:43:55Z	2.562
2015-1-13T3:44:6Z	2.500
2015-1-13T3:44:17Z	2.562
2015-1-13T3:44:28Z	2.562
2015-1-13T3:44:39Z	2.500
2015-1-13T3:44:51Z	2.562
2015-1-13T3:45:2Z	2.562
2015-1-13T3:45:13Z	2.562
2015-1-13T3:45:24Z	2.562
2015-1-13T3:45:35Z	2.625
2015-1-13T3:45:46Z	2.625
2015-1-13T3:45:57Z	2.625
2015-1-13T3:46:8Z	2.625
2015-1-13T3:46:19Z	2.625
2015-1-13T3:46:30Z	2.625
2015-1-13T3:46:41Z	2.687
2015-1-13T3:46:52Z	2.625
2015-1-13T3:47:3Z	2.687
2015-1-13T3:47:14Z	2.625
2015-1-13T3:47:26Z	2.625
2015-1-13T3:47:37Z	2.687
2015-1-13T3:47:48Z	2.687
2015-1-13T3:47:59Z	2.687
2015-1-13T3:48:10Z	2.687
2015-1-13T3:48:21Z	2.687
2015-1-13T3:48:32Z	2.687
2015-1-13T3:48:43Z	2.687
2015-1-13T3:48:54Z	2.625
2015-1-13T3:49:5Z	2.687
2015-1-13T3:49:16Z	2.687
2015-1-13T3:49:27Z	2.687
2015-1-13T3:49:38Z	2.625
2015-1-13T3:49:50Z	2.625
2015-1-13T3:50:1Z	2.562
2015-1-13T3:50:12Z	2.562
2015-1-13T3:50:23Z	2.625
2015-1-13T3:50:34Z	2.562
2015-1-13T3:50:45Z	2.562
2015-1-13T3:50:56Z	2.625
2015-1-13T3:51:7Z	2.625
2015-1-13T3:51:18Z	2.625
2015-1-13T3:51:29Z	2.687
2015-1-13T3:51:40Z	2.687
2015-1-13T3:51:51Z	2.687
2015-1-13T3:52:2Z	2.687
2015-1-13T3:52:13Z	2.625
2015-1-13T3:52:25Z	2.625
2015-1-13T3:52:36Z	2.625
2015-1-13T3:52:47Z	2.625
2015-1-13T3:52:58Z	2.625
2015-1-13T3:53:9Z	2.625
2015-1-13T3:53:20Z	2.625
2015-1-13T3:53:31Z	2.625
2015-1-13T3:53:42Z	2.562
2015-1-13T3:53:53Z	2.562
2015-1-13T3:54:4Z	2.625
2015-1-13T3:54:15Z	2.562
2015-1-13T3:54:26Z	2.562
2015-1-13T3:54:37Z	2.562
2015-1-13T3:54:48Z	2.562
2015-1-13T3:55:0Z	2.562
2015-1-13T3:55:11Z	2.562
2015-1-13T3:55:22Z	2.562
2015-1-13T3:55:33Z	2.562
2015-1-13T3:55:44Z	2.562
2015-1-13T3:55:55Z	2.562
2015-1-13T3:56:6Z	2.562
2015-1-13T3:56:17Z	2.562
2015-1-13T3:56:28Z	2.562
2015-1-13T3:56:39Z	2.500
2015-1-13T3:56:50Z	2.562
2015-1-13T3:57:1Z	2.562
2015-1-13T3:57:12Z	2.562
2015-1-13T3:57:23Z	2.562
2015-1-13T3:57:35Z	2.562
2015-1-13T3:57:46Z	2.562
2015-1-13T3:57:57Z	2.500
2015-1-13T3:58:8Z	2.500
2015-1-13T3:58:19Z	2.500
2015-1-13T3:58:30Z	2.437
2015-1-13T3:58:41Z	2.562
2015-1-13T3:58:52Z	2.500
2015-1-13T3:59:3Z	2.500
2015-1-13T3:59:14Z	2.500
2015-1-13T3:59:25Z	2.500
2015-1-13T3:59:36Z	2.500
2015-1-13T3:59:48Z	2.500
2015-1-13T3:59:59Z	2.562
2015-1-13T4:0:10Z	2.500
2015-1-13T4:0:21Z	2.500
2015-1-13T4:0:32Z	2.500
2015-1-13T4:0:43Z	2.500
2015-1-13T4:0:54Z	2.500
2015-1-13T4:1:5Z	2.500
2015-1-13T4:1:16Z	2.437
2015-1-13T4:1:27Z	2.562
2015-1-13T4:1:38Z	2.500
2015-1-13T4:1:49Z	2.500
2015-1-13T4:2:0Z	2.500
2015-1-13T4:2:12Z	2.500
2015-1-13T4:2:23Z	2.562
2015-1-13T4:2:34Z	2.562
2015-1-13T4:2:45Z	2.562
2015-1-13T4:2:56Z	2.562
2015-1-13T4:3:7Z	2.562
2015-1-13T4:3:18Z	2.562
2015-1-13T4:3:29Z	2.562
2015-1-13T4:3:40Z	2.500
2015-1-13T4:3:51Z	2.500
2015-1-13T4:4:2Z	2.437
2015-1-13T4:4:13Z	2.500
2015-1-13T4:4:24Z	2.500
2015-1-13T4:4:35Z	2.500
2015-1-13T4:4:47Z	2.437
2015-1-13T4:4:58Z	2.437
2015-1-13T4:5:9Z	2.500
2015-1-13T4:5:20Z	2.500
2015-1-13T4:5:31Z	2.500
2015-1-13T4:5:42Z	2.500
2015-1-13T4:5:53Z	2.500
2015-1-13T4:6:4Z	2.500
2015-1-13T4:6:15Z	2.500
2015-1-13T4:6:26Z	2.500
2015-1-13T4:6:37Z	2.500
2015-1-13T4:6:48Z	2.562
2015-1-13T4:6:59Z	2.500
2015-1-13T4:7:10Z	2.500
2015-1-13T4:7:22Z	2.437
2015-1-13T4:7:33Z	2.500
2015-1-13T4:7:44Z	2.562
2015-1-13T4:7:55Z	2.500
2015-1-13T4:8:6Z	2.500
2015-1-13T4:8:17Z	2.500
2015-1-13T4:8:28Z	2.500
2015-1-13T4:8:39Z	2.562
2015-1-13T4:8:50Z	2.500
2015-1-13T4:9:1Z	2.500
2015-1-13T4:9:12Z	2.500
2015-1-13T4:9:23Z	2.562
2015-1-13T4:9:34Z	2.562
2015-1-13T4:9:45Z	2.562
2015-1-13T4:9:57Z	2.562
2015-1-13T4:10:8Z	2.500
2015-1-13T4:10:19Z	2.562
2015-1-13T4:10:30Z	2.562
2015-1-13T4:10:41Z	2.500
2015-1-13T4:10:52Z	2.500
2015-1-13T4:11:3Z	2.500
2015-1-13T4:11:14Z	2.500
2015-1-13T4:11:25Z	2.500
2015-1-13T4:11:36Z	2.437
2015-1-13T4:11:47Z	2.437
2015-1-13T4:11:58Z	2.500
2015-1-13T4:12:9Z	2.500
2015-1-13T4:12:20Z	2.500
2015-1-13T4:12:32Z	2.437
2015-1-13T4:12:43Z	2.500
2015-1-13T4:12:54Z	2.437
2015-1-13T4:13:5Z	2.500
2015-1-13T4:13:16Z	2.437
2015-1-13T4:13:27Z	2.437
2015-1-13T4:13:38Z	2.437
2015-1-13T4:13:49Z	2.437
2015-1-13T4:14:0Z	2.437
2015-1-13T4:14:11Z	2.500
2015-1-13T4:14:22Z	2.437
2015-1-13T4:14:33Z	2.500
2015-1-13T4:14:44Z	2.375
2015-1-13T4:14:55Z	2.437
2015-1-13T4:15:7Z	2.437
2015-1-13T4:15:18Z	2.437
2015-1-13T4:15:29Z	2.375
2015-1-13T4:15:40Z	2.312
2015-1-13T4:15:51Z	2.250
2015-1-13T4:16:2Z	2.250
2015-1-13T4:16:13Z	2.125
2015-1-13T4:16:24Z	2.125
2015-1-13T4:16:35Z	2.062
2015-1-13T4:16:46Z	2.062
2015-1-13T4:16:57Z	2.000
2015-1-13T4:17:8Z	2.000
2015-1-13T4:17:19Z	2.000
2015-1-13T4:17:30Z	2.000
2015-1-13T4:17:42Z	1.937
2015-1-13T4:17:53Z	1.937
2015-1-13T4:18:4Z	2.000
2015-1-13T4:18:15Z	1.937
2015-1-13T4:18:26Z	1.937
2015-1-13T4:18:37Z	1.937
2015-1-13T4:18:48Z	1.937
2015-1-13T4:18:59Z	1.875
2015-1-13T4:19:10Z	1.875
2015-1-13T4:19:21Z	1.875
2015-1-13T4:19:32Z	1.937
2015-1-13T4:19:43Z	2.000
2015-1-13T4:19:54Z	2.000
2015-1-13T4:20:5Z	2.062
2015-1-13T4:20:17Z	2.000
2015-1-13T4:20:28Z	2.000
2015-1-13T4:20:39Z	2.000
2015-1-13T4:20:50Z	2.000
2015-1-13T4:21:1Z	1.937
2015-1-13T4:21:12Z	2.000
2015-1-13T4:21:23Z	2.000
2015-1-13T4:21:34Z	1.937
2015-1-13T4:21:45Z	1.875
2015-1-13T4:21:56Z	1.875
2015-1-13T4:22:7Z	1.875
2015-1-13T4:22:18Z	1.875
2015-1-13T4:22:29Z	1.875
2015-1-13T4:22:40Z	1.875
2015-1-13T4:22:52Z	1.812
2015-1-13T4:23:3Z	1.875
2015-1-13T4:23:14Z	1.875
2015-1-13T4:23:25Z	1.812
2015-1-13T4:23:36Z	1.875
2015-1-13T4:23:47Z	1.875
2015-1-13T4:23:58Z	1.875
2015-1-13T4:24:9Z	1.875
2015-1-13T4:24:20Z	1.875
2015-1-13T4:24:31Z	1.875
2015-1-13T4:24:42Z	1.875
2015-1-13T4:24:53Z	1.875
2015-1-13T4:25:4Z	1.875
2015-1-13T4:25:15Z	1.812
2015-1-13T4:25:27Z	1.812
2015-1-13T4:25:38Z	1.812
2015-1-13T4:25:49Z	1.812
2015-1-13T4:26:0Z	1.812
2015-1-13T4:26:11Z	1.812
2015-1-13T4:26:22Z	1.812
2015-1-13T4:26:33Z	1.812
2015-1-13T4:26:44Z	1.812
2015-1-13T4:26:55Z	1.812
2015-1-13T4:27:6Z	1.812
2015-1-13T4:27:17Z	1.812
2015-1-13T4:27:28Z	1.812
2015-1-13T4:27:39Z	1.812
2015-1-13T4:27:51Z	1.812
2015-1-13T4:28:2Z	1.750
2015-1-13T4:28:13Z	1.812
2015-1-13T4:28:24Z	1.812
2015-1-13T4:28:35Z	1.812
2015-1-13T4:28:46Z	1.812
2015-1-13T4:28:57Z	1.812
2015-1-13T4:29:8Z	1.812
2015-1-13T4:29:19Z	1.812
2015-1-13T4:29:30Z	1.812
2015-1-13T4:29:41Z	1.812
2015-1-13T4:29:52Z	1.812
2015-1-13T4:30:3Z	1.812
2015-1-13T4:30:14Z	1.750
2015-1-13T4:30:25Z	1.750
2015-1-13T4:30:37Z	1.750
2015-1-13T4:30:48Z	1.812
2015-1-13T4:30:59Z	1.812
2015-1-13T4:31:10Z	1.812
2015-1-13T4:31:21Z	1.812
2015-1-13T4:31:32Z	1.750
2015-1-13T4:31:43Z	1.750
2015-1-13T4:31:54Z	1.750
2015-1-13T4:32:5Z	1.812
2015-1-13T4:32:16Z	1.750
2015-1-13T4:32:27Z	1.750
2015-1-13T4:32:38Z	1.687
2015-1-13T4:32:49Z	1.687
2015-1-13T4:33:0Z	1.687
2015-1-13T4:33:12Z	1.687
2015-1-13T4:33:23Z	1.750
2015-1-13T4:33:34Z	1.750
2015-1-13T4:33:45Z	1.750
2015-1-13T4:33:56Z	1.750
2015-1-13T4:34:7Z	1.750
2015-1-13T4:34:18Z	1.750
2015-1-13T4:34:29Z	1.687
2015-1-13T4:34:40Z	1.687
2015-1-13T4:34:51Z	1.687
2015-1-13T4:35:2Z	1.687
2015-1-13T4:35:13Z	1.687
2015-1-13T4:35:24Z	1.687
2015-1-13T4:35:35Z	1.687
2015-1-13T4:35:47Z	1.625
2015-1-13T4:35:58Z	1.687
2015-1-13T4:36:9Z	1.750
2015-1-13T4:36:20Z	1.687
2015-1-13T4:36:31Z	1.687
2015-1-13T4:36:42Z	1.687
2015-1-13T4:36:53Z	1.687
2015-1-13T4:37:4Z	1.687
2015-1-13T4:37:15Z	1.687
2015-1-13T4:37:26Z	1.750
2015-1-13T4:37:37Z	1.750
2015-1-13T4:37:48Z	1.687
2015-1-13T4:37:59Z	1.750
2015-1-13T4:38:10Z	1.687
2015-1-13T4:38:22Z	1.687
2015-1-13T4:38:33Z	1.687
2015-1-13T4:38:44Z	1.687
2015-1-13T4:38:55Z	1.687
2015-1-13T4:39:6Z	1.687
2015-1-13T4:39:17Z	1.687
2015-1-13T4:39:28Z	1.687
2015-1-13T4:39:39Z	1.687
2015-1-13T4:39:50Z	1.625
2015-1-13T4:40:1Z	1.625
2015-1-13T4:40:12Z	1.625
2015-1-13T4:40:23Z	1.687
2015-1-13T4:40:34Z	1.625
2015-1-13T4:40:45Z	1.625
2015-1-13T4:40:57Z	1.687
2015-1-13T4:41:8Z	1.625
2015-1-13T4:41:19Z	1.687
2015-1-13T4:41:30Z	1.687
2015-1-13T4:41:41Z	1.687
2015-1-13T4:41:52Z	1.687
2015-1-13T4:42:3Z	1.687
2015-1-13T4:42:14Z	1.687
2015-1-13T4:42:25Z	1.750
2015-1-13T4:42:36Z	1.687
2015-1-13T4:42:47Z	1.750
2015-1-13T4:42:58Z	1.687
2015-1-13T4:43:9Z	1.687
2015-1-13T4:43:20Z	1.750
2015-1-13T4:43:32Z	1.750
2015-1-13T4:43:43Z	1.750
2015-1-13T4:43:54Z	1.750
2015-1-13T4:44:5Z	1.750
2015-1-13T4:44:16Z	1.750
2015-1-13T4:44:27Z	1.750
2015-1-13T4:44:38Z	1.750
2015-1-13T4:44:49Z	1.750
2015-1-13T4:45:0Z	1.750
2015-1-13T4:45:11Z	1.687
2015-1-13T4:45:22Z	1.687
2015-1-13T4:45:33Z	1.687
2015-1-13T4:45:44Z	1.687
2015-1-13T4:45:55Z	1.687
2015-1-13T4:46:7Z	1.687
2015-1-13T4:46:18Z	1.687
2015-1-13T4:46:29Z	1.687
2015-1-13T4:46:40Z	1.687
2015-1-13T4:46:51Z	1.687
2015-1-13T4:47:2Z	1.687
2015-1-13T4:47:13Z	1.687
2015-1-13T4:47:24Z	1.625
2015-1-13T4:47:35Z	1.625
2015-1-13T4:47:46Z	1.625
2015-1-13T4:47:57Z	1.562
2015-1-13T4:48:8Z	1.625
2015-1-13T4:48:19Z	1.625
2015-1-13T4:48:30Z	1.625
2015-1-13T4:48:42Z	1.562
2015-1-13T4:48:53Z	1.562
2015-1-13T4:49:4Z	1.625
2015-1-13T4:49:15Z	1.625
2015-1-13T4:49:26Z	1.625
2015-1-13T4:49:37Z	1.625
2015-1-13T4:49:48Z	1.625
2015-1-13T4:49:59Z	1.562
2015-1-13T4:50:10Z	1.562
2015-1-13T4:50:21Z	1.625
2015-1-13T4:50:32Z	1.562
2015-1-13T4:50:43Z	1.625
2015-1-13T4:50:54Z	1.625
2015-1-13T4:51:5Z	1.625
2015-1-13T4:51:17Z	1.625
2015-1-13T4:51:28Z	1.687
2015-1-13T4:51:39Z	1.687
2015-1-13T4:51:50Z	1.750
2015-1-13T4:52:1Z	1.687
2015-1-13T4:52:12Z	1.687
2015-1-13T4:52:23Z	1.687
2015-1-13T4:52:34Z	1.687
2015-1-13T4:52:45Z	1.625
2015-1-13T4:52:56Z	1.625
2015-1-13T4:53:7Z	1.562
2015-1-13T4:53:18Z	1.562
2015-1-13T4:53:29Z	1.562
2015-1-13T4:53:40Z	1.562
2015-1-13T4:53:51Z	1.562
2015-1-13T4:54:3Z	1.562
2015-1-13T4:54:14Z	1.625
2015-1-13T4:54:25Z	1.625
2015-1-13T4:54:36Z	1.625
2015-1-13T4:54:47Z	1.625
2015-1-13T4:54:58Z	1.625
2015-1-13T4:55:9Z	1.625
2015-1-13T4:55:20Z	1.625
2015-1-13T4:55:31Z	1.625
2015-1-13T4:55:42Z	1.625
2015-1-13T4:55:53Z	1.625
2015-1-13T4:56:4Z	1.625
2015-1-13T4:56:15Z	1.625
2015-1-13T4:56:27Z	1.562
2015-1-13T4:56:38Z	1.625
2015-1-13T4:56:49Z	1.562
2015-1-13T4:57:0Z	1.562
2015-1-13T4:57:11Z	1.562
2015-1-13T4:57:22Z	1.562
2015-1-13T4:57:33Z	1.625
2015-1-13T4:57:44Z	1.625
2015-1-13T4:57:55Z	1.625
2015-1-13T4:58:6Z	1.625
2015-1-13T4:58:17Z	1.625
2015-1-13T4:58:28Z	1.625
2015-1-13T4:58:40Z	1.625
2015-1-13T4:58:51Z	1.625
2015-1-13T4:59:2Z	1.625
2015-1-13T4:59:13Z	1.625
2015-1-13T4:59:24Z	1.562
2015-1-13T4:59:35Z	1.625
2015-1-13T4:59:46Z	1.625
2015-1-13T4:59:57Z	1.625
2015-1-13T5:0:8Z	1.625
2015-1-13T5:0:19Z	1.625
2015-1-13T5:0:30Z	1.625
2015-1-13T5:0:41Z	1.625
2015-1-13T5:0:52Z	1.562
2015-1-13T5:1:4Z	1.625
2015-1-13T5:1:15Z	1.562
2015-1-13T5:1:26Z	1.562
2015-1-13T5:1:37Z	1.562
2015-1-13T5:1:48Z	1.562
2015-1-13T5:1:59Z	1.562
2015-1-13T5:2:10Z	1.562
2015-1-13T5:2:21Z	1.562
2015-1-13T5:2:32Z	1.562
2015-1-13T5:2:43Z	1.562
2015-1-13T5:2:54Z	1.562
2015-1-13T5:3:5Z	1.562
2015-1-13T5:3:16Z	1.562
2015-1-13T5:3:27Z	1.562
2015-1-13T5:3:39Z	1.562
2015-1-13T5:3:50Z	1.562
2015-1-13T5:4:1Z	1.562
2015-1-13T5:4:12Z	1.500
2015-1-13T5:4:23Z	1.500
2015-1-13T5:4:34Z	1.437
2015-1-13T5:4:45Z	1.437
2015-1-13T5:4:56Z	1.500
2015-1-13T5:5:7Z	1.500
2015-1-13T5:5:18Z	1.437
2015-1-13T5:5:29Z	1.437
2015-1-13T5:5:40Z	1.437
2015-1-13T5:5:51Z	1.437
2015-1-13T5:6:2Z	1.437
2015-1-13T5:6:14Z	1.437
2015-1-13T5:6:25Z	1.437
2015-1-13T5:6:36Z	1.437
2015-1-13T5:6:47Z	1.500
2015-1-13T5:6:58Z	1.500
2015-1-13T5:7:9Z	1.500
2015-1-13T5:7:20Z	1.500
2015-1-13T5:7:31Z	1.500
2015-1-13T5:7:42Z	1.562
2015-1-13T5:7:53Z	1.562
2015-1-13T5:8:4Z	1.562
2015-1-13T5:8:15Z	1.562
2015-1-13T5:8:26Z	1.562
2015-1-13T5:8:37Z	1.562
2015-1-13T5:8:49Z	1.562
2015-1-13T5:9:0Z	1.562
2015-1-13T5:9:11Z	1.625
2015-1-13T5:9:22Z	1.562
2015-1-13T5:9:33Z	1.562
2015-1-13T5:9:44Z	1.562
2015-1-13T5:9:55Z	1.625
2015-1-13T5:10:6Z	1.625
2015-1-13T5:10:17Z	1.625
2015-1-13T5:10:28Z	1.625
2015-1-13T5:10:39Z	1.625
2015-1-13T5:10:50Z	1.687
2015-1-13T5:11:1Z	1.687
2015-1-13T5:11:12Z	1.625
2015-1-13T5:11:24Z	1.625
2015-1-13T5:11:35Z	1.625
2015-1-13T5:11:46Z	1.562
2015-1-13T5:11:57Z	1.562
2015-1-13T5:12:8Z	1.562
2015-1-13T5:12:19Z	1.625
2015-1-13T5:12:30Z	1.562
2015-1-13T5:12:41Z	1.562
2015-1-13T5:12:52Z	1.562
2015-1-13T5:13:3Z	1.562
2015-1-13T5:13:14Z	1.562
2015-1-13T5:13:25Z	1.625
2015-1-13T5:13:36Z	1.625
2015-1-13T5:13:47Z	1.625
2015-1-13T5:13:59Z	1.625
2015-1-13T5:14:10Z	1.625
2015-1-13T5:14:21Z	1.625
2015-1-13T5:14:32Z	1.562
2015-1-13T5:14:43Z	1.562
2015-1-13T5:14:54Z	1.625
2015-1-13T5:15:5Z	1.625
2015-1-13T5:15:16Z	1.562
2015-1-13T5:15:27Z	1.625
2015-1-13T5:15:38Z	1.562
2015-1-13T5:15:49Z	1.625
2015-1-13T5:16:0Z	1.625
2015-1-13T5:16:11Z	1.625
2015-1-13T5:16:22Z	1.625
2015-1-13T5:16:34Z	1.562
2015-1-13T5:16:45Z	1.562
2015-1-13T5:16:56Z	1.562
2015-1-13T5:17:7Z	1.562
2015-1-13T5:17:18Z	1.562
2015-1-13T5:17:29Z	1.562
2015-1-13T5:17:40Z	1.562
2015-1-13T5:17:51Z	1.500
2015-1-13T5:18:2Z	1.500
2015-1-13T5:18:13Z	1.500
2015-1-13T5:18:24Z	1.500
2015-1-13T5:18:35Z	1.500
2015-1-13T5:18:46Z	1.500
2015-1-13T5:18:57Z	1.500
2015-1-13T5:19:9Z	1.500
2015-1-13T5:19:20Z	1.500
2015-1-13T5:19:31Z	1.500
2015-1-13T5:19:42Z	1.500
2015-1-13T5:19:53Z	1.437
2015-1-13T5:20:4Z	1.437
2015-1-13T5:20:15Z	1.437
2015-1-13T5:20:26Z	1.437
2015-1-13T5:20:37Z	1.500
2015-1-13T5:20:48Z	1.437
2015-1-13T5:20:59Z	1.437
2015-1-13T5:21:10Z	1.437
2015-1-13T5:21:21Z	1.437
2015-1-13T5:21:32Z	1.500
2015-1-13T5:21:44Z	1.500
2015-1-13T5:21:55Z	1.437
2015-1-13T5:22:6Z	1.500
2015-1-13T5:22:17Z	1.500
2015-1-13T5:22:28Z	1.437
2015-1-13T5:22:39Z	1.500
2015-1-13T5:22:50Z	1.500
2015-1-13T5:23:1Z	1.500
2015-1-13T5:23:12Z	1.500
2015-1-13T5:23:23Z	1.437
2015-1-13T5:23:34Z	1.437
2015-1-13T5:23:45Z	1.437
2015-1-13T5:23:56Z	1.437
2015-1-13T5:24:7Z	1.500
2015-1-13T5:24:19Z	1.437
2015-1-13T5:24:30Z	1.500
2015-1-13T5:24:41Z	1.437
2015-1-13T5:24:52Z	1.437
2015-1-13T5:25:3Z	1.437
2015-1-13T5:25:14Z	1.500
2015-1-13T5:25:25Z	1.500
2015-1-13T5:25:36Z	1.500
2015-1-13T5:25:47Z	1.500
2015-1-13T5:25:58Z	1.500
2015-1-13T5:26:9Z	1.562
2015-1-13T5:26:20Z	1.500
2015-1-13T5:26:31Z	1.500
2015-1-13T5:26:42Z	1.437
2015-1-13T5:26:54Z	1.437
2015-1-13T5:27:5Z	1.375
2015-1-13T5:27:16Z	1.375
2015-1-13T5:27:27Z	1.437
2015-1-13T5:27:38Z	1.437
2015-1-13T5:27:49Z	1.437
2015-1-13T5:28:0Z	1.500
2015-1-13T5:28:11Z	1.437
2015-1-13T5:28:22Z	1.437
2015-1-13T5:28:33Z	1.437
2015-1-13T5:28:44Z	1.437
2015-1-13T5:28:55Z	1.375
2015-1-13T5:29:6Z	1.375
2015-1-13T5:29:17Z	1.375
2015-1-13T5:29:29Z	1.375
2015-1-13T5:29:40Z	1.375
2015-1-13T5:29:51Z	1.437
2015-1-13T5:30:2Z	1.375
2015-1-13T5:30:13Z	1.437
2015-1-13T5:30:24Z	1.437
2015-1-13T5:30:35Z	1.437
2015-1-13T5:30:46Z	1.375
2015-1-13T5:30:57Z	1.437
2015-1-13T5:31:8Z	1.375
2015-1-13T5:31:19Z	1.375
2015-1-13T5:31:30Z	1.375
2015-1-13T5:31:41Z	1.437
2015-1-13T5:31:52Z	1.437
2015-1-13T5:32:4Z	1.375
2015-1-13T5:32:15Z	1.437
2015-1-13T5:32:26Z	1.437
2015-1-13T5:32:37Z	1.437
2015-1-13T5:32:48Z	1.437
2015-1-13T5:32:59Z	1.437
2015-1-13T5:33:10Z	1.375
2015-1-13T5:33:21Z	1.375
2015-1-13T5:33:32Z	1.375
2015-1-13T5:33:43Z	1.312
2015-1-13T5:33:54Z	1.375
2015-1-13T5:34:5Z	1.375
2015-1-13T5:34:16Z	1.375
2015-1-13T5:34:27Z	1.375
2015-1-13T5:34:38Z	1.375
2015-1-13T5:34:50Z	1.375
2015-1-13T5:35:1Z	1.312
2015-1-13T5:35:12Z	1.312
2015-1-13T5:35:23Z	1.312
2015-1-13T5:35:34Z	1.312
2015-1-13T5:35:45Z	1.375
2015-1-13T5:35:56Z	1.312
2015-1-13T5:36:7Z	1.312
2015-1-13T5:36:18Z	1.375
2015-1-13T5:36:29Z	1.375
2015-1-13T5:36:40Z	1.312
2015-1-13T5:36:51Z	1.312
2015-1-13T5:37:2Z	1.312
2015-1-13T5:37:13Z	1.312
2015-1-13T5:37:25Z	1.312
2015-1-13T5:37:36Z	1.312
2015-1-13T5:37:47Z	1.312
2015-1-13T5:37:58Z	1.312
2015-1-13T5:38:9Z	1.312
2015-1-13T5:38:20Z	1.312
2015-1-13T5:38:31Z	1.312
2015-1-13T5:38:42Z	1.250
2015-1-13T5:38:53Z	1.250
2015-1-13T5:39:4Z	1.250
2015-1-13T5:39:15Z	1.312
2015-1-13T5:39:26Z	1.312
2015-1-13T5:39:37Z	1.312
2015-1-13T5:39:48Z	1.312
2015-1-13T5:40:0Z	1.312
2015-1-13T5:40:11Z	1.312
2015-1-13T5:40:22Z	1.312
2015-1-13T5:40:33Z	1.312
2015-1-13T5:40:44Z	1.312
2015-1-13T5:40:55Z	1.312
2015-1-13T5:41:6Z	1.312
2015-1-13T5:41:17Z	1.375
2015-1-13T5:41:28Z	1.375
2015-1-13T5:41:39Z	1.375
2015-1-13T5:41:50Z	1.375
2015-1-13T5:42:1Z	1.375
2015-1-13T5:42:12Z	1.375
2015-1-13T5:42:23Z	1.312
2015-1-13T5:42:35Z	1.312
2015-1-13T5:42:46Z	1.312
2015-1-13T5:42:57Z	1.312
2015-1-13T5:43:8Z	1.312
2015-1-13T5:43:19Z	1.312
2015-1-13T5:43:30Z	1.312
2015-1-13T5:43:41Z	1.312
2015-1-13T5:43:52Z	1.312
2015-1-13T5:44:3Z	1.312
2015-1-13T5:44:14Z	1.312
2015-1-13T5:44:25Z	1.312
2015-1-13T5:44:36Z	1.312
2015-1-13T5:44:47Z	1.250
2015-1-13T5:44:58Z	1.250
2015-1-13T5:45:10Z	1.250
2015-1-13T5:45:21Z	1.250
2015-1-13T5:45:32Z	1.250
2015-1-13T5:45:43Z	1.250
2015-1-13T5:45:54Z	1.250
2015-1-13T5:46:5Z	1.250
2015-1-13T5:46:16Z	1.187
2015-1-13T5:46:27Z	1.187
2015-1-13T5:46:38Z	1.187
2015-1-13T5:46:49Z	1.187
2015-1-13T5:47:0Z	1.187
2015-1-13T5:47:11Z	1.187
2015-1-13T5:47:22Z	1.187
2015-1-13T5:47:33Z	1.187
2015-1-13T5:47:45Z	1.187
2015-1-13T5:47:56Z	1.250
2015-1-13T5:48:7Z	1.250
2015-1-13T5:48:18Z	1.250
2015-1-13T5:48:29Z	1.250
2015-1-13T5:48:40Z	1.250
2015-1-13T5:48:51Z	1.250
2015-1-13T5:49:2Z	1.187
2015-1-13T5:49:13Z	1.187
2015-1-13T5:49:24Z	1.187
2015-1-13T5:49:35Z	1.250
2015-1-13T5:49:46Z	1.250
2015-1-13T5:49:57Z	1.187
2015-1-13T5:50:8Z	1.187
2015-1-13T5:50:20Z	1.187
2015-1-13T5:50:31Z	1.250
2015-1-13T5:50:42Z	1.187
2015-1-13T5:50:53Z	1.125
2015-1-13T5:51:4Z	1.187
2015-1-13T5:51:15Z	1.187
2015-1-13T5:51:26Z	1.187
2015-1-13T5:51:37Z	1.125
2015-1-13T5:51:48Z	1.187
2015-1-13T5:51:59Z	1.187
2015-1-13T5:52:10Z	1.187
2015-1-13T5:52:21Z	1.125
2015-1-13T5:52:32Z	1.187
2015-1-13T5:52:43Z	1.187
2015-1-13T5:52:55Z	1.187
2015-1-13T5:53:6Z	1.187
2015-1-13T5:53:17Z	1.250
2015-1-13T5:53:28Z	1.187
2015-1-13T5:53:39Z	1.187
2015-1-13T5:53:50Z	1.187
2015-1-13T5:54:1Z	1.187
2015-1-13T5:54:12Z	1.187
2015-1-13T5:54:23Z	1.187
2015-1-13T5:54:34Z	1.187
2015-1-13T5:54:45Z	1.187
2015-1-13T5:54:56Z	1.125
2015-1-13T5:55:7Z	1.125
2015-1-13T5:55:19Z	1.062
2015-1-13T5:55:30Z	1.125
2015-1-13T5:55:41Z	1.062
2015-1-13T5:55:52Z	1.125
2015-1-13T5:56:3Z	1.125
2015-1-13T5:56:14Z	1.125
2015-1-13T5:56:25Z	1.187
2015-1-13T5:56:36Z	1.125
2015-1-13T5:56:47Z	1.125
2015-1-13T5:56:58Z	1.125
2015-1-13T5:57:9Z	1.125
2015-1-13T5:57:20Z	1.062
2015-1-13T5:57:32Z	1.125
2015-1-13T5:57:43Z	1.125
2015-1-13T5:57:54Z	1.125
2015-1-13T5:58:5Z	1.125
2015-1-13T5:58:16Z	1.125
2015-1-13T5:58:27Z	1.125
2015-1-13T5:58:38Z	1.125
2015-1-13T5:58:49Z	1.125
2015-1-13T5:59:0Z	1.062
2015-1-13T5:59:11Z	1.062
2015-1-13T5:59:22Z	1.062
2015-1-13T5:59:33Z	1.062
2015-1-13T5:59:44Z	1.125
2015-1-13T5:59:55Z	1.125
2015-1-13T6:0:7Z	1.125
2015-1-13T6:0:18Z	1.062
2015-1-13T6:0:29Z	1.125
2015-1-13T6:0:40Z	1.125
2015-1-13T6:0:51Z	1.125
2015-1-13T6:1:2Z	1.125
2015-1-13T6:1:13Z	1.125
2015-1-13T6:1:24Z	1.125
2015-1-13T6:1:35Z	1.187
2015-1-13T6:1:46Z	1.187
2015-1-13T6:1:57Z	1.187
2015-1-13T6:2:8Z	1.125
2015-1-13T6:2:19Z	1.125
2015-1-13T6:2:30Z	1.125
2015-1-13T6:2:42Z	1.125
2015-1-13T6:2:53Z	1.062
2015-1-13T6:3:4Z	1.125
2015-1-13T6:3:15Z	1.125
2015-1-13T6:3:26Z	1.125
2015-1-13T6:3:37Z	1.062
2015-1-13T6:3:48Z	1.062
2015-1-13T6:3:59Z	1.062
2015-1-13T6:4:10Z	1.062
2015-1-13T6:4:21Z	1.000
2015-1-13T6:4:32Z	1.062
2015-1-13T6:4:43Z	1.062
2015-1-13T6:4:54Z	1.000
2015-1-13T6:5:5Z	1.062
2015-1-13T6:5:17Z	1.000
2015-1-13T6:5:28Z	1.000
2015-1-13T6:5:39Z	0.938
2015-1-13T6:5:50Z	0.938
2015-1-13T6:6:1Z	1.000
2015-1-13T6:6:12Z	0.938
2015-1-13T6:6:23Z	1.000
2015-1-13T6:6:34Z	0.938
2015-1-13T6:6:45Z	1.000
2015-1-13T6:6:56Z	0.938
2015-1-13T6:7:7Z	0.938
2015-1-13T6:7:18Z	0.938
2015-1-13T6:7:29Z	0.938
2015-1-13T6:7:40Z	0.938
2015-1-13T6:7:52Z	0.938
2015-1-13T6:8:3Z	1.000
2015-1-13T6:8:14Z	1.000
2015-1-13T6:8:25Z	0.938
2015-1-13T6:8:36Z	0.938
2015-1-13T6:8:47Z	1.000
2015-1-13T6:8:58Z	1.000
2015-1-13T6:9:9Z	1.000
2015-1-13T6:9:20Z	1.000
2015-1-13T6:9:31Z	1.000
2015-1-13T6:9:42Z	1.000
2015-1-13T6:9:53Z	1.000
2015-1-13T6:10:4Z	1.000
2015-1-13T6:10:15Z	1.000
2015-1-13T6:10:27Z	1.000
2015-1-13T6:10:38Z	1.000
2015-1-13T6:10:49Z	1.000
2015-1-13T6:11:0Z	1.000
2015-1-13T6:11:11Z	1.000
2015-1-13T6:11:22Z	1.062
2015-1-13T6:11:33Z	1.062
2015-1-13T6:11:44Z	1.000
2015-1-13T6:11:55Z	1.000
2015-1-13T6:12:6Z	1.000
2015-1-13T6:12:17Z	1.000
2015-1-13T6:12:28Z	1.000
2015-1-13T6:12:39Z	1.000
2015-1-13T6:12:50Z	0.938
2015-1-13T6:13:2Z	0.938
2015-1-13T6:13:13Z	1.000
2015-1-13T6:13:24Z	1.000
2015-1-13T6:13:35Z	1.062
2015-1-13T6:13:46Z	1.000
2015-1-13T6:13:57Z	1.000
2015-1-13T6:14:8Z	1.000
2015-1-13T6:14:19Z	1.000
2015-1-13T6:14:30Z	1.000
2015-1-13T6:14:41Z	1.000
2015-1-13T6:14:52Z	1.000
2015-1-13T6:15:3Z	1.000
2015-1-13T6:15:14Z	1.000
2015-1-13T6:15:25Z	1.000
2015-1-13T6:15:37Z	1.062
2015-1-13T6:15:48Z	1.000
2015-1-13T6:15:59Z	1.062
2015-1-13T6:16:10Z	1.062
2015-1-13T6:16:21Z	1.000
2015-1-13T6:16:32Z	1.062
2015-1-13T6:16:43Z	1.000
2015-1-13T6:16:54Z	1.000
2015-1-13T6:17:5Z	0.938
2015-1-13T6:17:16Z	0.938
2015-1-13T6:17:27Z	0.938
2015-1-13T6:17:38Z	0.938
2015-1-13T6:17:49Z	0.875
2015-1-13T6:18:0Z	0.875
2015-1-13T6:18:12Z	0.875
2015-1-13T6:18:23Z	0.938
2015-1-13T6:18:34Z	0.875
2015-1-13T6:18:45Z	0.875
2015-1-13T6:18:56Z	0.875
2015-1-13T6:19:7Z	0.938
2015-1-13T6:19:18Z	0.938
2015-1-13T6:19:29Z	0.875
2015-1-13T6:19:40Z	0.875
2015-1-13T6:19:51Z	0.875
2015-1-13T6:20:2Z	0.875
2015-1-13T6:20:13Z	0.813
2015-1-13T6:20:24Z	0.813
2015-1-13T6:20:35Z	0.813
2015-1-13T6:20:46Z	0.813
2015-1-13T6:20:58Z	0.813
2015-1-13T6:21:9Z	0.750
2015-1-13T6:21:20Z	0.750
2015-1-13T6:21:31Z	0.750
2015-1-13T6:21:42Z	0.750
2015-1-13T6:21:53Z	0.750
2015-1-13T6:22:4Z	0.750
2015-1-13T6:22:15Z	0.750
2015-1-13T6:22:26Z	0.750
2015-1-13T6:22:37Z	0.813
2015-1-13T6:22:48Z	0.813
2015-1-13T6:22:59Z	0.813
2015-1-13T6:23:10Z	0.813
2015-1-13T6:23:21Z	0.813
2015-1-13T6:23:33Z	0.813
2015-1-13T6:23:44Z	0.813
2015-1-13T6:23:55Z	0.813
2015-1-13T6:24:6Z	0.813
2015-1-13T6:24:17Z	0.750
2015-1-13T6:24:28Z	0.750
2015-1-13T6:24:39Z	0.750
2015-1-13T6:24:50Z	0.750
2015-1-13T6:25:1Z	0.750
2015-1-13T6:25:12Z	0.813
2015-1-13T6:25:23Z	0.750
2015-1-13T6:25:34Z	0.750
2015-1-13T6:25:45Z	0.750
2015-1-13T6:25:56Z	0.750
2015-1-13T6:26:8Z	0.750
2015-1-13T6:26:19Z	0.750
2015-1-13T6:26:30Z	0.750
2015-1-13T6:26:41Z	0.750
2015-1-13T6:26:52Z	0.688
2015-1-13T6:27:3Z	0.688
2015-1-13T6:27:14Z	0.688
2015-1-13T6:27:25Z	0.750
2015-1-13T6:27:36Z	0.688
2015-1-13T6:27:47Z	0.688
2015-1-13T6:27:58Z	0.688
2015-1-13T6:28:9Z	0.750
2015-1-13T6:28:20Z	0.750
2015-1-13T6:28:31Z	0.750
2015-1-13T6:28:43Z	0.813
2015-1-13T6:28:54Z	0.813
2015-1-13T6:29:5Z	0.813
2015-1-13T6:29:16Z	0.750
2015-1-13T6:29:27Z	0.813
2015-1-13T6:29:38Z	0.750
2015-1-13T6:29:49Z	0.750
2015-1-13T6:30:0Z	0.688
2015-1-13T6:30:11Z	0.750
2015-1-13T6:30:22Z	0.688
2015-1-13T6:30:33Z	0.625
2015-1-13T6:30:44Z	0.625
2015-1-13T6:30:55Z	0.625
2015-1-13T6:31:6Z	0.625
2015-1-13T6:31:18Z	0.625
2015-1-13T6:31:29Z	0.625
2015-1-13T6:31:40Z	0.625
2015-1-13T6:31:51Z	0.688
2015-1-13T6:32:2Z	0.750
2015-1-13T6:32:13Z	0.688
2015-1-13T6:32:24Z	0.688
2015-1-13T6:32:35Z	0.688
2015-1-13T6:32:46Z	0.625
2015-1-13T6:32:57Z	0.625
2015-1-13T6:33:8Z	0.625
2015-1-13T6:33:19Z	0.625
2015-1-13T6:33:30Z	0.625
2015-1-13T6:33:41Z	0.625
2015-1-13T6:33:53Z	0.625
2015-1-13T6:34:4Z	0.563
2015-1-13T6:34:15Z	0.625
2015-1-13T6:34:26Z	0.563
2015-1-13T6:34:37Z	0.563
2015-1-13T6:34:48Z	0.563
2015-1-13T6:34:59Z	0.563
2015-1-13T6:35:10Z	0.563
2015-1-13T6:35:21Z	0.500
2015-1-13T6:35:32Z	0.500
2015-1-13T6:35:43Z	0.438
2015-1-13T6:35:54Z	0.438
2015-1-13T6:36:5Z	0.438
2015-1-13T6:36:16Z	0.438
2015-1-13T6:36:28Z	0.438
2015-1-13T6:36:39Z	0.438
2015-1-13T6:36:50Z	0.438
2015-1-13T6:37:1Z	0.500
2015-1-13T6:37:12Z	0.438
2015-1-13T6:37:23Z	0.438
2015-1-13T6:37:34Z	0.500
2015-1-13T6:37:45Z	0.500
2015-1-13T6:37:56Z	0.500
2015-1-13T6:38:7Z	0.500
2015-1-13T6:38:18Z	0.500
2015-1-13T6:38:29Z	0.438
2015-1-13T6:38:40Z	0.438
2015-1-13T6:38:51Z	0.500
2015-1-13T6:39:2Z	0.500
2015-1-13T6:39:14Z	0.500
2015-1-13T6:39:25Z	0.500
2015-1-13T6:39:36Z	0.500
2015-1-13T6:39:47Z	0.500
2015-1-13T6:39:58Z	0.438
2015-1-13T6:40:9Z	0.438
2015-1-13T6:40:20Z	0.438
2015-1-13T6:40:31Z	0.500
2015-1-13T6:40:42Z	0.500
2015-1-13T6:40:53Z	0.500
2015-1-13T6:41:4Z	0.500
2015-1-13T6:41:15Z	0.438
2015-1-13T6:41:26Z	0.500
2015-1-13T6:41:37Z	0.500
2015-1-13T6:41:49Z	0.438
2015-1-13T6:42:0Z	0.438
2015-1-13T6:42:11Z	0.438
2015-1-13T6:42:22Z	0.438
2015-1-13T6:42:33Z	0.438
2015-1-13T6:42:44Z	0.438
2015-1-13T6:42:55Z	0.438
2015-1-13T6:43:6Z	0.438
2015-1-13T6:43:17Z	0.375
2015-1-13T6:43:28Z	0.375
2015-1-13T6:43:39Z	0.375
2015-1-13T6:43:50Z	0.438
2015-1-13T6:44:1Z	0.438
2015-1-13T6:44:12Z	0.438
2015-1-13T6:44:24Z	0.438
2015-1-13T6:44:35Z	0.438
2015-1-13T6:44:46Z	0.438
2015-1-13T6:44:57Z	0.438
2015-1-13T6:45:8Z	0.438
2015-1-13T6:45:19Z	0.375
2015-1-13T6:45:30Z	0.375
2015-1-13T6:45:41Z	0.375
2015-1-13T6:45:52Z	0.438
2015-1-13T6:46:3Z	0.438
2015-1-13T6:46:14Z	0.438
2015-1-13T6:46:25Z	0.375
2015-1-13T6:46:36Z	0.438
2015-1-13T6:46:47Z	0.438
2015-1-13T6:46:58Z	0.438
2015-1-13T6:47:10Z	0.438
2015-1-13T6:47:21Z	0.438
2015-1-13T6:47:32Z	0.438
2015-1-13T6:47:43Z	0.438
2015-1-13T6:47:54Z	0.375
2015-1-13T6:48:5Z	0.438
2015-1-13T6:48:16Z	0.438
2015-1-13T6:48:27Z	0.375
2015-1-13T6:48:38Z	0.375
2015-1-13T6:48:49Z	0.375
2015-1-13T6:49:0Z	0.375
2015-1-13T6:49:11Z	0.375
2015-1-13T6:49:22Z	0.375
2015-1-13T6:49:33Z	0.375
2015-1-13T6:49:45Z	0.375
2015-1-13T6:49:56Z	0.375
2015-1-13T6:50:7Z	0.375
2015-1-13T6:50:18Z	0.312
2015-1-13T6:50:29Z	0.312
2015-1-13T6:50:40Z	0.312
2015-1-13T6:50:51Z	0.312
2015-1-13T6:51:2Z	0.312
2015-1-13T6:51:13Z	0.312
2015-1-13T6:51:24Z	0.312
2015-1-13T6:51:35Z	0.312
2015-1-13T6:51:46Z	0.312
2015-1-13T6:51:57Z	0.312
2015-1-13T6:52:8Z	0.250
2015-1-13T6:52:20Z	0.312
2015-1-13T6:52:31Z	0.250
2015-1-13T6:52:42Z	0.312
2015-1-13T6:52:53Z	0.250
2015-1-13T6:53:4Z	0.250
2015-1-13T6:53:15Z	0.250
2015-1-13T6:53:26Z	0.250
2015-1-13T6:53:37Z	0.250
2015-1-13T6:53:48Z	0.250
2015-1-13T6:53:59Z	0.250
2015-1-13T6:54:10Z	0.250
2015-1-13T6:54:21Z	0.250
2015-1-13T6:54:32Z	0.250
2015-1-13T6:54:44Z	0.250
2015-1-13T6:54:55Z	0.250
2015-1-13T6:55:6Z	0.187
2015-1-13T6:55:17Z	0.187
2015-1-13T6:55:28Z	0.187
2015-1-13T6:55:39Z	0.187
2015-1-13T6:55:50Z	0.187
2015-1-13T6:56:1Z	0.187
2015-1-13T6:56:12Z	0.187
2015-1-13T6:56:23Z	0.187
2015-1-13T6:56:34Z	0.187
2015-1-13T6:56:46Z	0.125
2015-1-13T6:56:57Z	0.187
2015-1-13T6:57:8Z	0.125
2015-1-13T6:57:19Z	0.125
2015-1-13T6:57:30Z	0.125
2015-1-13T6:57:41Z	0.125
2015-1-13T6:57:52Z	0.125
2015-1-13T6:58:3Z	0.125
2015-1-13T6:58:14Z	0.063
2015-1-13T6:58:25Z	0.063
2015-1-13T6:58:36Z	0.063
2015-1-13T6:58:47Z	0.063
2015-1-13T6:58:58Z	0.000
2015-1-13T6:59:9Z	0.000
2015-1-13T6:59:21Z	-0.063
2015-1-13T6:59:32Z	-0.063
2015-1-13T6:59:43Z	-0.125
2015-1-13T6:59:54Z	-0.125
2015-1-13T7:0:5Z	-0.125
2015-1-13T7:0:16Z	-0.125
2015-1-13T7:0:27Z	-0.187
2015-1-13T7:0:38Z	-0.187
2015-1-13T7:0:49Z	-0.187
2015-1-13T7:1:0Z	-0.187
2015-1-13T7:1:11Z	-0.187
2015-1-13T7:1:22Z	-0.187
2015-1-13T7:1:33Z	-0.125
2015-1-13T7:1:44Z	-0.187
2015-1-13T7:1:56Z	-0.187
2015-1-13T7:2:7Z	-0.187
2015-1-13T7:2:18Z	-0.250
2015-1-13T7:2:29Z	-0.250
2015-1-13T7:2:40Z	-0.250
2015-1-13T7:2:51Z	-0.250
2015-1-13T7:3:2Z	-0.250
2015-1-13T7:3:13Z	-0.250
2015-1-13T7:3:24Z	-0.250
2015-1-13T7:3:35Z	-0.250
2015-1-13T7:3:46Z	-0.312
2015-1-13T7:3:58Z	-0.312
2015-1-13T7:4:9Z	-0.375
2015-1-13T7:4:20Z	-0.375
2015-1-13T7:4:31Z	-0.375
2015-1-13T7:4:42Z	-0.375
2015-1-13T7:4:53Z	-0.438
2015-1-13T7:5:4Z	-0.438
2015-1-13T7:5:15Z	-0.438
2015-1-13T7:5:26Z	-0.438
2015-1-13T7:5:37Z	-0.438
2015-1-13T7:5:48Z	-0.438
2015-1-13T7:5:59Z	-0.438
2015-1-13T7:6:10Z	-0.500
2015-1-13T7:6:21Z	-0.500
2015-1-13T7:6:32Z	-0.500
2015-1-13T7:6:44Z	-0.500
2015-1-13T7:6:55Z	-0.438
2015-1-13T7:7:6Z	-0.438
2015-1-13T7:7:17Z	-0.500
2015-1-13T7:7:28Z	-0.500
2015-1-13T7:7:39Z	-0.500
2015-1-13T7:7:50Z	-0.500
2015-1-13T7:8:1Z	-0.563
2015-1-13T7:8:12Z	-0.563
2015-1-13T7:8:23Z	-0.563
2015-1-13T7:8:34Z	-0.563
2015-1-13T7:8:45Z	-0.563
2015-1-13T7:8:56Z	-0.625
2015-1-13T7:9:7Z	-0.625
2015-1-13T7:9:19Z	-0.625
2015-1-13T7:9:30Z	-0.625
2015-1-13T7:9:41Z	-0.688
2015-1-13T7:9:52Z	-0.688
2015-1-13T7:10:3Z	-0.688
2015-1-13T7:10:14Z	-0.750
2015-1-13T7:10:25Z	-0.750
2015-1-13T7:10:36Z	-0.750
2015-1-13T7:10:47Z	-0.688
2015-1-13T7:10:58Z	-0.750
2015-1-13T7:11:9Z	-0.688
2015-1-13T7:11:20Z	-0.688
2015-1-13T7:11:31Z	-0.688
2015-1-13T7:11:42Z	-0.688
2015-1-13T7:11:54Z	-0.750
2015-1-13T7:12:5Z	-0.750
2015-1-13T7:12:16Z	-0.688
2015-1-13T7:12:27Z	-0.688
2015-1-13T7:12:38Z	-0.688
2015-1-13T7:12:49Z	-0.688
2015-1-13T7:13:0Z	-0.688
2015-1-13T7:13:11Z	-0.750
2015-1-13T7:13:22Z	-0.750
2015-1-13T7:13:33Z	-0.750
2015-1-13T7:13:44Z	-0.750
2015-1-13T7:13:55Z	-0.750
2015-1-13T7:14:6Z	-0.750
2015-1-13T7:14:17Z	-0.750
2015-1-13T7:14:29Z	-0.813
2015-1-13T7:14:40Z	-0.750
2015-1-13T7:14:51Z	-0.813
2015-1-13T7:15:2Z	-0.813
2015-1-13T7:15:13Z	-0.813
2015-1-13T7:15:24Z	-0.813
2015-1-13T7:15:35Z	-0.813
2015-1-13T7:15:46Z	-0.875
2015-1-13T7:15:57Z	-0.875
2015-1-13T7:16:8Z	-0.875
2015-1-13T7:16:19Z	-0.875
2015-1-13T7:16:30Z	-0.875
2015-1-13T7:16:41Z	-0.875
2015-1-13T7:16:52Z	-0.875
2015-1-13T7:17:4Z	-0.875
2015-1-13T7:17:15Z	-0.875
2015-1-13T7:17:26Z	-0.813
2015-1-13T7:17:37Z	-0.875
2015-1-13T7:17:48Z	-0.875
2015-1-13T7:17:59Z	-0.875
2015-1-13T7:18:10Z	-0.875
2015-1-13T7:18:21Z	-0.875
2015-1-13T7:18:32Z	-0.875
2015-1-13T7:18:43Z	-0.813
2015-1-13T7:18:54Z	-0.813
2015-1-13T7:19:5Z	-0.813
2015-1-13T7:19:16Z	-0.813
2015-1-13T7:19:27Z	-0.813
2015-1-13T7:19:39Z	-0.813
2015-1-13T7:19:50Z	-0.813
2015-1-13T7:20:1Z	-0.875
2015-1-13T7:20:12Z	-0.875
2015-1-13T7:20:23Z	-0.875
2015-1-13T7:20:34Z	-0.875
2015-1-13T7:20:45Z	-0.875
2015-1-13T7:20:56Z	-0.813
2015-1-13T7:21:7Z	-0.813
2015-1-13T7:21:18Z	-0.813
2015-1-13T7:21:29Z	-0.875
2015-1-13T7:21:40Z	-0.813
2015-1-13T7:21:51Z	-0.813
2015-1-13T7:22:2Z	-0.875
2015-1-13T7:22:14Z	-0.875
2015-1-13T7:22:25Z	-0.813
2015-1-13T7:22:36Z	-0.813
2015-1-13T7:22:47Z	-0.875
2015-1-13T7:22:58Z	-0.875
2015-1-13T7:23:9Z	-0.875
2015-1-13T7:23:20Z	-0.875
2015-1-13T7:23:31Z	-0.938
2015-1-13T7:23:42Z	-0.938
2015-1-13T7:23:53Z	-0.938
2015-1-13T7:24:4Z	-0.938
2015-1-13T7:24:15Z	-0.938
2015-1-13T7:24:26Z	-0.938
2015-1-13T7:24:37Z	-0.875
2015-1-13T7:24:49Z	-0.875
2015-1-13T7:25:0Z	-0.875
2015-1-13T7:25:11Z	-0.875
2015-1-13T7:25:22Z	-0.938
2015-1-13T7:25:33Z	-0.938
2015-1-13T7:25:44Z	-1.000
2015-1-13T7:25:55Z	-0.938
2015-1-13T7:26:6Z	-0.938
2015-1-13T7:26:17Z	-0.938
2015-1-13T7:26:28Z	-0.938
2015-1-13T7:26:39Z	-0.938
2015-1-13T7:26:50Z	-0.938
2015-1-13T7:27:1Z	-0.938
2015-1-13T7:27:12Z	-0.938
2015-1-13T7:27:23Z	-0.938
2015-1-13T7:27:35Z	-0.938
2015-1-13T7:27:46Z	-0.938
2015-1-13T7:27:57Z	-1.000
2015-1-13T7:28:8Z	-0.938
2015-1-13T7:28:19Z	-0.938
2015-1-13T7:28:30Z	-0.938
2015-1-13T7:28:41Z	-1.000
2015-1-13T7:28:52Z	-0.938
